OBJECTID_12;OBJECTID;FID_1;CODIGO_BARRIO;NOMBRE_BARRIO;NOMBRE_LOCALIDAD;CODIGO_LOCALIDAD;CODIGO_UPZ;NOMBRE_UPZ
1;958;27;8412;SANTA BIBIANA;USAQUEN;1;16;SANTA BARBARA
2;964;77;8418;SAN PATRICIO;USAQUEN;1;16;SANTA BARBARA
3;968;95;8417;SANTA BARBARA OCCIDENTAL;USAQUEN;1;16;SANTA BARBARA
4;975;293;8415;SANTA BARBARA CENTRAL;USAQUEN;1;16;SANTA BARBARA
5;981;433;8411;RINCON DEL CHICO;USAQUEN;1;16;SANTA BARBARA
6;993;619;8416;MOLINOS NORTE;USAQUEN;1;16;SANTA BARBARA
7;656;245;5604;EL REAL;ENGATIVA;10;31;SANTA CECILIA
8;667;359;5507;NORMANDIA;ENGATIVA;10;31;SANTA CECILIA
9;691;603;5605;EL ENCANTO;ENGATIVA;10;31;SANTA CECILIA
10;712;816;5614;VILLA LUZ;ENGATIVA;10;31;SANTA CECILIA
11;713;817;5606;NORMANDIA OCCIDENTAL;ENGATIVA;10;31;SANTA CECILIA
12;721;981;5638;SANTA CECILIA;ENGATIVA;10;31;SANTA CECILIA
13;173;491;9130;CANODROMO;SUBA;11;19;EL PRADO
14;175;502;9117;PRADO VERANIEGO SUR;SUBA;11;19;EL PRADO
15;199;676;9107;PRADO VERANIEGO;SUBA;11;19;EL PRADO
16;200;683;9104;VICTORIA NORTE;SUBA;11;19;EL PRADO
17;204;729;9106;SAN JOSE DEL PRADO;SUBA;11;19;EL PRADO
18;206;741;9105;PRADO PINZON;SUBA;11;19;EL PRADO
19;221;984;9110;MAZUREN;SUBA;11;19;EL PRADO
20;233;1086;9131;SANTA HELENA;SUBA;11;19;EL PRADO
21;875;39;1306;SAN PEDRO;SAN CRISTOBAL;4;32;SAN BLAS
22;877;68;1107;LAS MERCEDES;SAN CRISTOBAL;4;32;SAN BLAS
23;879;80;1106;SAN BLAS;SAN CRISTOBAL;4;32;SAN BLAS
24;887;126;1307;RAMAJAL;SAN CRISTOBAL;4;32;SAN BLAS
25;889;143;1108;SAN CRISTOBAL SUR;SAN CRISTOBAL;4;32;SAN BLAS
26;894;162;1309;SAN VICENTE;SAN CRISTOBAL;4;32;SAN BLAS
27;897;210;1113;SAN BLAS II;SAN CRISTOBAL;4;32;SAN BLAS
28;899;277;1104;MOLINOS DE ORIENTE;SAN CRISTOBAL;4;32;SAN BLAS
29;907;342;1115;MONTE CARLO;SAN CRISTOBAL;4;32;SAN BLAS
30;908;363;1357;SANTA INES SUR II;SAN CRISTOBAL;4;32;SAN BLAS
31;923;558;1308;SANTA INES SUR;SAN CRISTOBAL;4;32;SAN BLAS
32;929;636;1103;VITELMA;SAN CRISTOBAL;4;32;SAN BLAS
33;933;758;1313;BELLAVISTA SUR;SAN CRISTOBAL;4;32;SAN BLAS
34;940;898;1312;LOS ALPES;SAN CRISTOBAL;4;32;SAN BLAS
35;941;899;1339;BOSQUE DE LOS ALPES;SAN CRISTOBAL;4;32;SAN BLAS
36;944;943;1116;TIBAQUE URBANO;SAN CRISTOBAL;4;32;SAN BLAS
37;951;1028;1342;ALTOS DEL ZIPA;SAN CRISTOBAL;4;32;SAN BLAS
38;876;67;1111;SANTA ANA SUR;SAN CRISTOBAL;4;33;SOSIEGO
39;878;75;1110;SAN JAVIER;SAN CRISTOBAL;4;33;SOSIEGO
40;896;188;1101;LAS BRISAS;SAN CRISTOBAL;4;33;SOSIEGO
41;906;336;1102;BUENOS AIRES;SAN CRISTOBAL;4;33;SOSIEGO
42;912;399;1109;LA MARIA;SAN CRISTOBAL;4;33;SOSIEGO
43;914;454;1207;NARINO SUR;SAN CRISTOBAL;4;33;SOSIEGO
44;915;477;1209;MODELO SUR;SAN CRISTOBAL;4;33;SOSIEGO
45;921;535;1206;QUINTA RAMOS;SAN CRISTOBAL;4;33;SOSIEGO
46;924;579;1205;SOCIEGO;SAN CRISTOBAL;4;33;SOSIEGO
47;928;628;1210;CALVO SUR;SAN CRISTOBAL;4;33;SOSIEGO
48;935;792;1114;VELODROMO;SAN CRISTOBAL;4;33;SOSIEGO
49;946;963;1112;PRIMERO DE MAYO;SAN CRISTOBAL;4;33;SOSIEGO
50;143;207;9124;PUENTE LARGO;SUBA;11;20;LA ALHAMBRA
51;189;589;9125;PASADENA;SUBA;11;20;LA ALHAMBRA
52;192;594;9126;ESTORIL;SUBA;11;20;LA ALHAMBRA
53;197;657;9118;BATAN;SUBA;11;20;LA ALHAMBRA
54;240;1160;9111;MONACO;SUBA;11;20;LA ALHAMBRA
55;292;14;4565;TOCAREMA;KENNEDY;8;48;TIMIZA
56;306;179;4516;BOITA;KENNEDY;8;48;TIMIZA
57;308;194;4518;TIMIZA A;KENNEDY;8;48;TIMIZA
58;314;247;4540;CATALINA II;KENNEDY;8;48;TIMIZA
59;328;371;4532;LA CECILIA;KENNEDY;8;48;TIMIZA
60;329;375;4545;CATALINA;KENNEDY;8;48;TIMIZA
61;346;545;4515;TUNDAMA;KENNEDY;8;48;TIMIZA
62;352;572;4581;TIMIZA C;KENNEDY;8;48;TIMIZA
63;356;624;4536;EL RUBI;KENNEDY;8;48;TIMIZA
64;358;654;4517;JACQUELINE;KENNEDY;8;48;TIMIZA
65;363;745;4530;TIMIZA B;KENNEDY;8;48;TIMIZA
66;366;797;4582;RENANIA URAPANES;KENNEDY;8;48;TIMIZA
67;368;833;4584;SANTA CATALINA;KENNEDY;8;48;TIMIZA
68;370;879;4534;ROMA;KENNEDY;8;48;TIMIZA
69;1069;297;4529;CEMENTERIO JARDINES APOGEO;BOSA;7;49;APOGEO
70;1075;357;4546;VILLA DEL RIO;BOSA;7;49;APOGEO
71;1089;542;4538;OLARTE;BOSA;7;49;APOGEO
72;874;31;1358;CHIGUAZA URBANO;SAN CRISTOBAL;4;50;LA GLORIA
73;882;89;1315;ALTAMIRA;SAN CRISTOBAL;4;50;LA GLORIA
74;884;103;1317;PUENTE COLORADO;SAN CRISTOBAL;4;50;LA GLORIA
75;888;129;1355;LAS GUACAMAYAS I;SAN CRISTOBAL;4;50;LA GLORIA
76;892;156;1333;ALTOS DEL POBLADO;SAN CRISTOBAL;4;50;LA GLORIA
77;893;157;1311;LA GLORIA OCCIDENTAL;SAN CRISTOBAL;4;50;LA GLORIA
78;895;166;1316;MORALBA;SAN CRISTOBAL;4;50;LA GLORIA
79;898;223;1321;SAN MARTIN SUR;SAN CRISTOBAL;4;50;LA GLORIA
80;905;331;1331;ALTOS DEL ZUQUE;SAN CRISTOBAL;4;50;LA GLORIA
81;913;436;1319;LA GLORIA ORIENTAL;SAN CRISTOBAL;4;50;LA GLORIA
82;916;478;1314;SAN JOSE SUR ORIENTAL;SAN CRISTOBAL;4;50;LA GLORIA
83;917;496;1353;LAS GUACAMAYAS IV;SAN CRISTOBAL;4;50;LA GLORIA
84;918;497;1352;LAS GUACAMAYAS II;SAN CRISTOBAL;4;50;LA GLORIA
85;919;525;1318;QUINDIO;SAN CRISTOBAL;4;50;LA GLORIA
86;920;533;1354;LAS GUACAMAYAS III;SAN CRISTOBAL;4;50;LA GLORIA
87;945;962;1310;LA VICTORIA;SAN CRISTOBAL;4;50;LA GLORIA
88;393;70;2619;VILLA ANITA;USME;5;58;COMUNEROS
89;403;174;2571;ANTONIO JOSE DE SUCRE;USME;5;58;COMUNEROS
90;404;178;2542;SERRANIAS;USME;5;58;COMUNEROS
91;405;193;2615;LA ESPERANZA DE USME;USME;5;58;COMUNEROS
92;413;265;2541;GRANADA SUR;USME;5;58;COMUNEROS
93;416;294;2594;VILLA ISRAEL;USME;5;58;COMUNEROS
94;426;379;2611;CHARALA;USME;5;58;COMUNEROS
95;428;434;2593;TUNJUELITO;USME;5;58;COMUNEROS
96;429;444;2548;EL VIRREY;USME;5;58;COMUNEROS
97;431;456;2586;YOMASA NORTE;USME;5;58;COMUNEROS
98;436;523;2543;COMUNEROS;USME;5;58;COMUNEROS
99;438;552;2538;USMINIA;USME;5;58;COMUNEROS
100;443;666;2592;DESARROLLO BRAZUELOS;USME;5;58;COMUNEROS
101;481;996;2536;MONTEBLANCO;USME;5;58;COMUNEROS
102;482;999;2576;SERRANIAS I;USME;5;58;COMUNEROS
103;492;1101;2537;CHUNIZA;USME;5;58;COMUNEROS
104;495;1116;2556;DESARROLLO BRAZUELOS I;USME;5;58;COMUNEROS
105;883;90;1325;JUAN REY (LA PAZ);SAN CRISTOBAL;4;51;LOS LIBERTADORES
106;885;104;1320;NUEVA GLORIA;SAN CRISTOBAL;4;51;LOS LIBERTADORES
107;886;105;1329;EL PARAISO;SAN CRISTOBAL;4;51;LOS LIBERTADORES
108;900;279;1332;VILLABEL;SAN CRISTOBAL;4;51;LOS LIBERTADORES
109;901;303;1322;SAN RAFAEL USME;SAN CRISTOBAL;4;51;LOS LIBERTADORES
110;902;304;1334;LAS GAVIOTAS;SAN CRISTOBAL;4;51;LOS LIBERTADORES
111;903;317;1350;YOMASA;SAN CRISTOBAL;4;51;LOS LIBERTADORES
112;904;321;1324;EL PINAR;SAN CRISTOBAL;4;51;LOS LIBERTADORES
113;909;365;1328;SANTA RITA SUR ORIENTAL;SAN CRISTOBAL;4;51;LOS LIBERTADORES
114;925;586;1327;LOS LIBERTADORES;SAN CRISTOBAL;4;51;LOS LIBERTADORES
115;926;599;1362;ARBOLEDA SANTA TERESITA;SAN CRISTOBAL;4;51;LOS LIBERTADORES
116;927;606;1330;CANADA O GUIRA;SAN CRISTOBAL;4;51;LOS LIBERTADORES
117;930;661;1323;NUEVA DELHI;SAN CRISTOBAL;4;51;LOS LIBERTADORES
118;931;715;1338;LA BELLEZA;SAN CRISTOBAL;4;51;LOS LIBERTADORES
119;942;922;1363;COLMENA I LOS PINARES;SAN CRISTOBAL;4;51;LOS LIBERTADORES
120;952;1087;1346;CIUDAD LONDRES I;SAN CRISTOBAL;4;51;LOS LIBERTADORES
121;953;1112;1356;VILLA DEL CERRO;SAN CRISTOBAL;4;51;LOS LIBERTADORES
122;389;9;1340;TIHUAQUE;USME;5;52;LA FLORA
123;398;139;1344;LOS SOCHES;USME;5;52;LA FLORA
124;423;351;1345;DONA LILIANA;USME;5;52;LA FLORA
125;433;493;1336;JUAN JOSE RONDON I;USME;5;52;LA FLORA
126;444;675;2633;LAS VIOLETAS;USME;5;52;LA FLORA
127;452;754;1337;SAN PEDRO SUR;USME;5;52;LA FLORA
128;454;774;1348;LA CABANA;USME;5;52;LA FLORA
129;455;827;1347;JUAN REY SUR;USME;5;52;LA FLORA
130;487;1064;102407;TIBAQUE SUR;USME;5;52;LA FLORA
131;488;1066;102211;LILIANA;USME;5;52;LA FLORA
132;506;1158;1335;VILLA DIANA;USME;5;52;LA FLORA
133;242;3;1425;GRANJAS DE SANTA SOFIA;RAFAEL URIBE URIBE;18;53;MARCO FIDEL SUAREZ
134;254;172;1413;LA RESURRECCION;RAFAEL URIBE URIBE;18;53;MARCO FIDEL SUAREZ
135;255;176;1431;LA RESURRECCION I;RAFAEL URIBE URIBE;18;53;MARCO FIDEL SUAREZ
136;267;450;1410;MARCO FIDEL SUAREZ;RAFAEL URIBE URIBE;18;53;MARCO FIDEL SUAREZ
137;283;834;1412;GRANJAS SAN PABLO;RAFAEL URIBE URIBE;18;53;MARCO FIDEL SUAREZ
138;285;961;1411;SAN JORGE SUR;RAFAEL URIBE URIBE;18;53;MARCO FIDEL SUAREZ
139;250;81;1434;CARMEN DEL SOL;RAFAEL URIBE URIBE;18;54;MARRUECOS
140;252;154;1428;CERROS DE ORIENTE;RAFAEL URIBE URIBE;18;54;MARRUECOS
141;256;201;1419;CALLEJON SANTA BARBARA;RAFAEL URIBE URIBE;18;54;MARRUECOS
142;259;313;1415;MARCO FIDEL SUAREZ I;RAFAEL URIBE URIBE;18;54;MARRUECOS
143;260;325;2511;LA PICOTA;RAFAEL URIBE URIBE;18;54;MARRUECOS
144;264;402;1418;MARRUECOS;RAFAEL URIBE URIBE;18;54;MARRUECOS
145;268;468;1423;ARBOLEDA SUR;RAFAEL URIBE URIBE;18;54;MARRUECOS
146;269;484;1427;PUERTO RICO;RAFAEL URIBE URIBE;18;54;MARRUECOS
147;271;581;1414;MOLINOS DEL SUR;RAFAEL URIBE URIBE;18;54;MARRUECOS
148;275;617;1420;EL PLAYON;RAFAEL URIBE URIBE;18;54;MARRUECOS
149;279;658;1417;LOS MOLINOS;RAFAEL URIBE URIBE;18;54;MARRUECOS
150;287;1109;1429;GUIPARMA;RAFAEL URIBE URIBE;18;54;MARRUECOS
151;258;239;2535;PALERMO SUR;RAFAEL URIBE URIBE;18;55;DIANA TURBAY
152;261;340;1432;DIANA TURBAY CULTIVOS;RAFAEL URIBE URIBE;18;55;DIANA TURBAY
153;265;440;2637;ARRAYANES VI;RAFAEL URIBE URIBE;18;55;DIANA TURBAY
154;270;501;1421;DIANA TURBAY;RAFAEL URIBE URIBE;18;55;DIANA TURBAY
155;277;630;2510;LA PICOTA ORIENTAL;RAFAEL URIBE URIBE;18;55;DIANA TURBAY
156;278;640;1416;SAN AGUSTIN;RAFAEL URIBE URIBE;18;55;DIANA TURBAY
157;280;757;1422;DIANA TURBAY ARRAYANES;RAFAEL URIBE URIBE;18;55;DIANA TURBAY
158;282;772;2566;LA PAZ;RAFAEL URIBE URIBE;18;55;DIANA TURBAY
159;284;916;1435;LOS ARRAYANES II;RAFAEL URIBE URIBE;18;55;DIANA TURBAY
160;602;316;6523;SAN PEDRO DE LOS ROBLES;FONTIBON;9;75;FONTIBON
161;603;341;6406;VILLEMAR;FONTIBON;9;75;FONTIBON
162;606;361;6415;LA LAGUNA FONTIBON;FONTIBON;9;75;FONTIBON
163;608;455;6420;LA GIRALDA;FONTIBON;9;75;FONTIBON
164;609;492;6409;BELEN FONTIBON;FONTIBON;9;75;FONTIBON
165;613;602;6417;VILLA CARMENZA;FONTIBON;9;75;FONTIBON
166;614;620;6407;GUADUAL FONTIBON;FONTIBON;9;75;FONTIBON
167;618;684;6410;CENTRO FONTIBON;FONTIBON;9;75;FONTIBON
168;625;825;6408;EL CARMEN FONTIBON;FONTIBON;9;75;FONTIBON
169;635;1053;6416;ATAHUALPA;FONTIBON;9;75;FONTIBON
170;641;1115;6401;VERSALLES FONTIBON;FONTIBON;9;75;FONTIBON
171;644;1138;6402;LA CABANA FONTIBON;FONTIBON;9;75;FONTIBON
172;651;97;5506;JARDIN BOTANICO;ENGATIVA;10;105;JARDIN BOTANICO
173;566;274;5308;RIONEGRO;BARRIOS UNIDOS;12;21;LOS ANDES
174;570;396;5307;LOS ANDES;BARRIOS UNIDOS;12;21;LOS ANDES
175;572;424;5304;LA CASTELLANA;BARRIOS UNIDOS;12;21;LOS ANDES
176;578;648;5305;LA PATRIA;BARRIOS UNIDOS;12;21;LOS ANDES
177;585;714;5306;ENTRERIOS;BARRIOS UNIDOS;12;21;LOS ANDES
178;590;807;5310;ESCUELA MILITAR;BARRIOS UNIDOS;12;21;LOS ANDES
179;873;4;1406;SAN ISIDRO;SAN CRISTOBAL;4;34;20 DE JULIO
180;880;84;1424;BARCELONA SUR;SAN CRISTOBAL;4;34;20 DE JULIO
181;881;85;1303;CORDOBA;SAN CRISTOBAL;4;34;20 DE JULIO
182;890;151;1409;LAS LOMAS;SAN CRISTOBAL;4;34;20 DE JULIO
183;891;152;1407;SURAMERICA;SAN CRISTOBAL;4;34;20 DE JULIO
184;910;397;1304;BELLO HORIZONTE;SAN CRISTOBAL;4;34;20 DE JULIO
185;911;398;1430;VILLA DE LOS ALPES I;SAN CRISTOBAL;4;34;20 DE JULIO
186;932;736;1408;VILLA DE LOS ALPES;SAN CRISTOBAL;4;34;20 DE JULIO
187;934;759;1301;GRANADA SUR;SAN CRISTOBAL;4;34;20 DE JULIO
188;936;830;1405;VEINTE DE JULIO;SAN CRISTOBAL;4;34;20 DE JULIO
189;938;869;1305;ATENAS;SAN CRISTOBAL;4;34;20 DE JULIO
190;955;1163;1302;MONTEBELLO;SAN CRISTOBAL;4;34;20 DE JULIO
191;800;319;1202;CIUDAD BERNA;ANTONIO NARIÑO;15;35;CIUDAD JARDIN
192;801;380;1203;CARACAS;ANTONIO NARIÑO;15;35;CIUDAD JARDIN
193;802;381;1204;CIUDAD JARDIN SUR;ANTONIO NARIÑO;15;35;CIUDAD JARDIN
194;803;475;1208;LA HORTUA;ANTONIO NARIÑO;15;35;CIUDAD JARDIN
195;804;510;1211;POLICARPA;ANTONIO NARIÑO;15;35;CIUDAD JARDIN
196;806;708;1201;SEVILLA;ANTONIO NARIÑO;15;35;CIUDAD JARDIN
197;253;171;1402;GUSTAVO RESTREPO;RAFAEL URIBE URIBE;18;36;SAN JOSE
198;266;448;1403;HOSPITAL SAN CARLOS;RAFAEL URIBE URIBE;18;36;SAN JOSE
199;276;618;1404;SOSIEGO SUR;RAFAEL URIBE URIBE;18;36;SAN JOSE
200;281;760;1401;SAN JOSE SUR;RAFAEL URIBE URIBE;18;36;SAN JOSE
201;286;1047;1426;SAN LUIS;RAFAEL URIBE URIBE;18;36;SAN JOSE
202;243;10;2305;LIBERTADOR;RAFAEL URIBE URIBE;18;39;QUIROGA
203;244;15;2205;SANTA LUCIA;RAFAEL URIBE URIBE;18;39;QUIROGA
204;245;16;2306;BRAVO PAEZ;RAFAEL URIBE URIBE;18;39;QUIROGA
205;246;18;2201;OLAYA;RAFAEL URIBE URIBE;18;39;QUIROGA
206;247;19;2203;QUIROGA CENTRAL;RAFAEL URIBE URIBE;18;39;QUIROGA
207;248;21;2303;CENTENARIO;RAFAEL URIBE URIBE;18;39;QUIROGA
208;249;22;2310;MURILLO TORO;RAFAEL URIBE URIBE;18;39;QUIROGA
209;251;110;2304;SANTIAGO PEREZ;RAFAEL URIBE URIBE;18;39;QUIROGA
210;257;216;2204;QUIROGA SUR;RAFAEL URIBE URIBE;18;39;QUIROGA
211;262;382;2209;QUIROGA I;RAFAEL URIBE URIBE;18;39;QUIROGA
212;263;401;2202;QUIROGA;RAFAEL URIBE URIBE;18;39;QUIROGA
213;272;613;2311;VILLA MAYOR;RAFAEL URIBE URIBE;18;39;QUIROGA
214;273;615;2307;INGLES;RAFAEL URIBE URIBE;18;39;QUIROGA
215;274;616;2308;CLARET;RAFAEL URIBE URIBE;18;39;QUIROGA
216;745;362;8309;LA CABRERA;CHAPINERO;2;88;EL REFUGIO
217;747;418;8202;EMAUS;CHAPINERO;2;88;EL REFUGIO
218;748;427;8310;EL RETIRO;CHAPINERO;2;88;EL REFUGIO
219;752;621;8319;EL BAGAZAL;CHAPINERO;2;88;EL REFUGIO
220;754;627;8311;EL NOGAL;CHAPINERO;2;88;EL REFUGIO
221;757;698;8302;SEMINARIO;CHAPINERO;2;88;EL REFUGIO
222;773;952;101110;PARAMO I RURAL;CHAPINERO;2;88;EL REFUGIO
223;779;1023;8303;EL REFUGIO;CHAPINERO;2;88;EL REFUGIO
224;780;1027;8305;BELLAVISTA;CHAPINERO;2;88;EL REFUGIO
225;781;1030;8304;LOS ROSALES;CHAPINERO;2;88;EL REFUGIO
226;1128;98;4309;LA CAMELIA;PUENTE ARANDA;16;40;CIUDAD MONTES
227;1133;227;4209;SANTA MATILDE;PUENTE ARANDA;16;40;CIUDAD MONTES
228;1135;250;4205;PRIMAVERA OCCIDENTAL;PUENTE ARANDA;16;40;CIUDAD MONTES
229;1137;299;4412;REMANSO SUR;PUENTE ARANDA;16;40;CIUDAD MONTES
230;1138;309;4212;TIBANA;PUENTE ARANDA;16;40;CIUDAD MONTES
231;1147;466;4210;JORGE GAITAN CORTES;PUENTE ARANDA;16;40;CIUDAD MONTES
232;1148;504;4202;COMUNEROS;PUENTE ARANDA;16;40;CIUDAD MONTES
233;1153;584;4211;BOCHICA;PUENTE ARANDA;16;40;CIUDAD MONTES
234;1158;674;4203;LA ASUNCION;PUENTE ARANDA;16;40;CIUDAD MONTES
235;1159;730;4401;SAN EUSEBIO;PUENTE ARANDA;16;40;CIUDAD MONTES
236;1162;796;4204;MONTES;PUENTE ARANDA;16;40;CIUDAD MONTES
237;1166;1009;4402;REMANSO;PUENTE ARANDA;16;40;CIUDAD MONTES
238;768;865;208110;SAN LUIS ALTOS DEL CABO RURAL;CHAPINERO;2;89;SAN ISIDRO - PATIOS
239;772;941;208111;SAN ISIDRO RURAL;CHAPINERO;2;89;SAN ISIDRO - PATIOS
240;776;955;208126;SAN ISIDRO RURAL II;CHAPINERO;2;89;SAN ISIDRO - PATIOS
241;777;1002;208127;PARAMO RURAL V;CHAPINERO;2;89;SAN ISIDRO - PATIOS
242;788;1154;208125;SAN LUIS ALTOS DEL CABO RURAL II;CHAPINERO;2;89;SAN ISIDRO - PATIOS
243;729;248;3110;LA CATEDRAL;CANDELARIA;17;94;LA CANDELARIA
244;730;461;3204;BELEN;CANDELARIA;17;94;LA CANDELARIA
245;731;597;3104;LA CONCORDIA;CANDELARIA;17;94;LA CANDELARIA
246;732;625;3105;EGIPTO;CANDELARIA;17;94;LA CANDELARIA
247;733;637;3203;SANTA BARBARA;CANDELARIA;17;94;LA CANDELARIA
248;734;769;8114;PARQUE NACIONAL URBANO;CANDELARIA;17;94;LA CANDELARIA
249;735;790;3106;CENTRO ADMINISTRATIVO;CANDELARIA;17;94;LA CANDELARIA
250;736;993;3103;LAS AGUAS;CANDELARIA;17;94;LA CANDELARIA
251;509;158;4105;EDUARDO SANTOS;LOS MARTIRES;14;37;SANTA ISABEL
252;513;243;4107;SANTA ISABEL SUR;LOS MARTIRES;14;37;SANTA ISABEL
253;514;244;4109;VERAGUAS;LOS MARTIRES;14;37;SANTA ISABEL
254;515;383;4111;EL PROGRESO;LOS MARTIRES;14;37;SANTA ISABEL
255;522;691;4108;SANTA ISABEL;LOS MARTIRES;14;37;SANTA ISABEL
256;525;822;4106;EL VERGEL;LOS MARTIRES;14;37;SANTA ISABEL
257;969;127;8529;SAN JOSE DE USAQUEN;USAQUEN;1;10;LA URIBE
258;974;281;8532;EL REDIL;USAQUEN;1;10;LA URIBE
259;977;384;8524;LA GRANJA NORTE;USAQUEN;1;10;LA URIBE
260;1003;802;8503;SANTA TERESA;USAQUEN;1;10;LA URIBE
261;1020;968;8528;SAN ANTONIO NOROCCIDENTAL;USAQUEN;1;10;LA URIBE
262;1030;1098;8525;LA URIBE;USAQUEN;1;10;LA URIBE
263;809;107;7208;BANCO CENTRAL;TEUSAQUILLO;13;100;GALERIAS
264;815;170;7203;CHAPINERO OCCIDENTAL;TEUSAQUILLO;13;100;GALERIAS
265;820;292;7201;CAMPIN;TEUSAQUILLO;13;100;GALERIAS
266;823;481;7209;ALFONSO LOPEZ;TEUSAQUILLO;13;100;GALERIAS
267;826;511;7206;BELALCAZAR;TEUSAQUILLO;13;100;GALERIAS
268;827;574;7204;QUESADA;TEUSAQUILLO;13;100;GALERIAS
269;830;695;7202;SAN LUIS;TEUSAQUILLO;13;100;GALERIAS
270;833;743;7207;GALERIAS;TEUSAQUILLO;13;100;GALERIAS
271;811;128;7104;TEUSAQUILLO;TEUSAQUILLO;13;101;TEUSAQUILLO
272;812;136;7105;ARMENIA;TEUSAQUILLO;13;101;TEUSAQUILLO
273;816;191;7102;SANTA TERESITA;TEUSAQUILLO;13;101;TEUSAQUILLO
274;818;276;7103;LA MAGDALENA;TEUSAQUILLO;13;101;TEUSAQUILLO
275;822;479;7106;ESTRELLA;TEUSAQUILLO;13;101;TEUSAQUILLO
276;825;509;7101;LA SOLEDAD;TEUSAQUILLO;13;101;TEUSAQUILLO
277;832;735;7205;PALERMO;TEUSAQUILLO;13;101;TEUSAQUILLO
278;835;782;7107;LAS AMERICAS;TEUSAQUILLO;13;101;TEUSAQUILLO
279;561;195;5104;EL ROSARIO;BARRIOS UNIDOS;12;103;PARQUE SALITRE
280;564;198;5112;PARQUE DISTRITAL SALITRE;BARRIOS UNIDOS;12;103;PARQUE SALITRE
281;571;413;5115;PARQUE POPULAR SALITRE;BARRIOS UNIDOS;12;103;PARQUE SALITRE
282;808;23;5108;CIUDAD UNIVERSITARIA;TEUSAQUILLO;13;104;PARQUE SIMON BOLIVAR - CAN
283;814;169;5109;CENTRO ADMINISTRATIVO OCC.;TEUSAQUILLO;13;104;PARQUE SIMON BOLIVAR - CAN
284;817;221;5116;PABLO VI NORTE;TEUSAQUILLO;13;104;PARQUE SIMON BOLIVAR - CAN
285;831;701;5110;EL SALITRE;TEUSAQUILLO;13;104;PARQUE SIMON BOLIVAR - CAN
286;840;887;5114;CAMPO EUCARISTICO;TEUSAQUILLO;13;104;PARQUE SIMON BOLIVAR - CAN
287;810;117;5117;RAFAEL NUNEZ;TEUSAQUILLO;13;106;LA ESMERALDA
288;813;148;5113;PAULO VI;TEUSAQUILLO;13;106;LA ESMERALDA
289;819;291;5111;LA ESMERALDA;TEUSAQUILLO;13;106;LA ESMERALDA
290;838;880;5105;CAMPIN OCCIDENTAL;TEUSAQUILLO;13;106;LA ESMERALDA
291;839;881;5106;NICOLAS DE FEDERMAN;TEUSAQUILLO;13;106;LA ESMERALDA
292;824;508;6201;EL RECUERDO;TEUSAQUILLO;13;107;QUINTA PAREDES
293;828;641;6202;GRAN AMERICA;TEUSAQUILLO;13;107;QUINTA PAREDES
294;829;668;6209;QUINTA PAREDES;TEUSAQUILLO;13;107;QUINTA PAREDES
295;836;784;6210;CENTRO NARINO;TEUSAQUILLO;13;107;QUINTA PAREDES
296;837;785;5107;ACEVEDO TEJADA;TEUSAQUILLO;13;107;QUINTA PAREDES
297;315;260;4615;OSORIO XII;KENNEDY;8;83;LAS MARGARITAS
298;337;469;4316;LAS MARGARITAS;KENNEDY;8;83;LAS MARGARITAS
299;1139;327;4207;GORGONZOLA;PUENTE ARANDA;16;108;ZONA INDUSTRIAL
300;1144;408;6205;INDUSTRIAL CENTENARIO;PUENTE ARANDA;16;108;ZONA INDUSTRIAL
301;1145;414;6203;LA FLORIDA OCCIDENTAL;PUENTE ARANDA;16;108;ZONA INDUSTRIAL
302;1149;505;4208;LOS EJIDOS;PUENTE ARANDA;16;108;ZONA INDUSTRIAL
303;1150;546;6211;CUNDINAMARCA;PUENTE ARANDA;16;108;ZONA INDUSTRIAL
304;1156;607;4201;PENSILVANIA;PUENTE ARANDA;16;108;ZONA INDUSTRIAL
305;1157;670;6206;EL EJIDO;PUENTE ARANDA;16;108;ZONA INDUSTRIAL
306;1168;1057;6204;ESTACION CENTRAL;PUENTE ARANDA;16;108;ZONA INDUSTRIAL
307;821;432;6216;CIUDAD SALITRE NOR-ORIENTAL;TEUSAQUILLO;13;109;CIUDAD SALITRE ORIENTAL
308;834;756;6217;CIUDAD SALITRE SUR-ORIENTAL;TEUSAQUILLO;13;109;CIUDAD SALITRE ORIENTAL
309;956;17;8543;SANTA CECILIA PUENTE NORTE;USAQUEN;1;11;SAN CRISTOBAL NORTE
310;986;592;8505;SAN CRISTOBAL NORTE;USAQUEN;1;11;SAN CRISTOBAL NORTE
311;1001;751;8506;BARRANCAS NORTE;USAQUEN;1;11;SAN CRISTOBAL NORTE
312;1007;829;8507;BARRANCAS;USAQUEN;1;11;SAN CRISTOBAL NORTE
313;1016;949;8520;BOSQUE DE PINOS;USAQUEN;1;11;SAN CRISTOBAL NORTE
314;1023;972;8504;LA CITA;USAQUEN;1;11;SAN CRISTOBAL NORTE
315;1032;1134;108103;BARRANCAS ORIENTAL RURAL;USAQUEN;1;11;SAN CRISTOBAL NORTE
316;617;664;6315;LA ESPERANZA SUR;FONTIBON;9;110;CIUDAD SALITRE OCCIDENTAL
317;622;777;6319;TERMINAL DE TRANSPORTES;FONTIBON;9;110;CIUDAD SALITRE OCCIDENTAL
318;623;778;6313;SALITRE OCCIDENTAL;FONTIBON;9;110;CIUDAD SALITRE OCCIDENTAL
319;628;885;6303;LA ESPERANZA NORTE;FONTIBON;9;110;CIUDAD SALITRE OCCIDENTAL
320;1127;47;6208;ORTEZAL;PUENTE ARANDA;16;111;PUENTE ARANDA
321;1129;106;6215;PUENTE ARANDA;PUENTE ARANDA;16;111;PUENTE ARANDA
322;1132;192;6207;BATALLON CALDAS;PUENTE ARANDA;16;111;PUENTE ARANDA
323;1141;348;6212;SALAZAR GOMEZ;PUENTE ARANDA;16;111;PUENTE ARANDA
324;1142;393;6218;CENTRO INDUSTRIAL;PUENTE ARANDA;16;111;PUENTE ARANDA
325;595;35;6423;EL TINTAL CENTRAL;FONTIBON;9;112;GRANJAS DE TECHO
326;598;116;6306;GRANJAS DE TECHO;FONTIBON;9;112;GRANJAS DE TECHO
327;600;209;6528;EL VERGEL;FONTIBON;9;112;GRANJAS DE TECHO
328;604;345;6527;INTERINDUSTRIAL;FONTIBON;9;112;GRANJAS DE TECHO
329;621;767;6308;FRANCO;FONTIBON;9;112;GRANJAS DE TECHO
330;633;1034;6320;CIUDAD HAYUELOS;FONTIBON;9;112;GRANJAS DE TECHO
331;638;1093;205102;VEREDA EL TINTAL;FONTIBON;9;112;GRANJAS DE TECHO
332;639;1104;6307;MONTEVIDEO;FONTIBON;9;112;GRANJAS DE TECHO
333;289;6;6501;COOPERATIVA DE SUB-OFICIALES;KENNEDY;8;113;BAVARIA
334;327;367;6502;MARSELLA;KENNEDY;8;113;BAVARIA
335;331;410;6512;VILLA ALSACIA;KENNEDY;8;113;BAVARIA
336;365;789;6509;LUSITANIA;KENNEDY;8;113;BAVARIA
337;597;102;6311;MODELIA;FONTIBON;9;114;MODELIA
338;605;353;6312;MODELIA OCCIDENTAL;FONTIBON;9;114;MODELIA
339;612;524;6301;SANTA CECILIA;FONTIBON;9;114;MODELIA
340;615;633;6316;BOSQUE DE MODELIA;FONTIBON;9;114;MODELIA
341;627;884;6302;CAPELLANIA;FONTIBON;9;114;MODELIA
342;960;53;8502;LA PRADERA NORTE;USAQUEN;1;12;TOBERIN
343;998;710;8519;ESTRELLA DEL NORTE;USAQUEN;1;12;TOBERIN
344;1021;969;8501;EL TOBERIN;USAQUEN;1;12;TOBERIN
345;1026;1061;8516;LAS ORQUIDEAS;USAQUEN;1;12;TOBERIN
346;1034;1168;8517;LA LIBERIA;USAQUEN;1;12;TOBERIN
347;957;25;8513;LISBOA;USAQUEN;1;13;LOS CEDROS
348;966;93;8509;LOS CEDROS ORIENTAL;USAQUEN;1;13;LOS CEDROS
349;967;94;8511;CEDRO NARVAEZ;USAQUEN;1;13;LOS CEDROS
350;971;212;8424;SEGUNDO CONTADOR;USAQUEN;1;13;LOS CEDROS
351;979;430;8530;LAS MARGARITAS;USAQUEN;1;13;LOS CEDROS
352;980;431;8510;ACACIAS USAQUEN;USAQUEN;1;13;LOS CEDROS
353;985;567;8514;EL CONTADOR;USAQUEN;1;13;LOS CEDROS
354;991;609;8518;CAOBOS SALAZAR;USAQUEN;1;13;LOS CEDROS
355;992;610;8512;CEDRITOS;USAQUEN;1;13;LOS CEDROS
356;996;690;8536;BOSQUE DE PINOS I;USAQUEN;1;13;LOS CEDROS
357;999;731;8508;CEDRO SALAZAR;USAQUEN;1;13;LOS CEDROS
358;1002;795;8515;LOS CEDROS;USAQUEN;1;13;LOS CEDROS
359;1025;1029;8538;BOSQUE DE PINOS III;USAQUEN;1;13;LOS CEDROS
360;959;28;8414;SANTA ANA OCCIDENTAL;USAQUEN;1;14;USAQUEN
361;961;56;8410;ESCUELA DE INFANTERIA;USAQUEN;1;14;USAQUEN
362;962;57;8409;ESCUELA DE CABALLERIA I;USAQUEN;1;14;USAQUEN
363;963;73;8408;SANTA ANA;USAQUEN;1;14;USAQUEN
364;965;91;8405;GINEBRA;USAQUEN;1;14;USAQUEN
365;972;264;8425;GINEBRA II;USAQUEN;1;14;USAQUEN
366;982;435;8413;SANTA BARBARA ORIENTAL;USAQUEN;1;14;USAQUEN
367;983;437;8404;BELLA SUIZA;USAQUEN;1;14;USAQUEN
368;984;460;8419;ESCUELA DE CABALLERIA II;USAQUEN;1;14;USAQUEN
369;987;593;8420;PARAMO URBANO I;USAQUEN;1;14;USAQUEN
370;988;595;8406;SAN GABRIEL NORTE;USAQUEN;1;14;USAQUEN
371;989;596;8426;SAN GABRIEL NORTE II;USAQUEN;1;14;USAQUEN
372;1000;733;8407;USAQUEN;USAQUEN;1;14;USAQUEN
373;1024;989;208129;LAS DELICIAS DEL CARMEN II SECTOR;USAQUEN;1;14;USAQUEN
374;556;36;5202;DOCE DE OCTUBRE;BARRIOS UNIDOS;12;22;DOCE DE OCTUBRE
375;557;37;5206;LA LIBERTAD;BARRIOS UNIDOS;12;22;DOCE DE OCTUBRE
376;558;76;5102;POPULAR MODELO;BARRIOS UNIDOS;12;22;DOCE DE OCTUBRE
377;563;197;5203;SAN FERNANDO;BARRIOS UNIDOS;12;22;DOCE DE OCTUBRE
378;574;459;5201;JORGE ELIECER GAITAN;BARRIOS UNIDOS;12;22;DOCE DE OCTUBRE
379;575;575;5101;JOSE JOAQUIN VARGAS;BARRIOS UNIDOS;12;22;DOCE DE OCTUBRE
380;576;604;5205;SIMON BOLIVAR;BARRIOS UNIDOS;12;22;DOCE DE OCTUBRE
381;584;707;5204;SAN FERNANDO OCCIDENTAL;BARRIOS UNIDOS;12;22;DOCE DE OCTUBRE
382;587;765;5103;SAN MIGUEL;BARRIOS UNIDOS;12;22;DOCE DE OCTUBRE
383;591;809;5207;METROPOLIS;BARRIOS UNIDOS;12;22;DOCE DE OCTUBRE
384;129;55;9246;DELMONTE;SUBA;11;23;CASA BLANCA SUBA
385;134;72;9215;CASABLANCA SUBA;SUBA;11;23;CASA BLANCA SUBA
386;136;92;9119;ATENAS;SUBA;11;23;CASA BLANCA SUBA
387;139;142;9258;CASA BLANCA SUBA I;SUBA;11;23;CASA BLANCA SUBA
388;169;420;9247;IRAGUA;SUBA;11;23;CASA BLANCA SUBA
389;187;571;9132;ESCUELA DE CARABINEROS;SUBA;11;23;CASA BLANCA SUBA
390;208;750;9128;EL PLAN;SUBA;11;23;CASA BLANCA SUBA
391;213;836;9260;ALTOS DE SUBA;SUBA;11;23;CASA BLANCA SUBA
392;235;1095;9265;VEREDA SUBA CERROS II;SUBA;11;23;CASA BLANCA SUBA
393;697;696;5626;LOS ALAMOS;ENGATIVA;10;116;ALAMOS
394;705;753;5607;SAN IGNACIO;ENGATIVA;10;116;ALAMOS
395;123;29;9127;ANDES NORTE;SUBA;11;25;LA FLORESTA
396;124;30;5403;JULIO FLOREZ;SUBA;11;25;LA FLORESTA
397;161;354;5401;POTOSI;SUBA;11;25;LA FLORESTA
398;224;1014;9121;CLUB DE LOS LAGARTOS;SUBA;11;25;LA FLORESTA
399;241;1167;5402;SANTA ROSA;SUBA;11;25;LA FLORESTA
400;666;352;5406;BONANZA;ENGATIVA;10;26;LAS FERIAS
401;669;373;5505;BOSQUE POPULAR;ENGATIVA;10;26;LAS FERIAS
402;677;438;5404;LAS FERIAS;ENGATIVA;10;26;LAS FERIAS
403;679;442;5501;PALO BLANCO;ENGATIVA;10;26;LAS FERIAS
404;688;554;5504;LA ESTRADITA;ENGATIVA;10;26;LAS FERIAS
405;689;578;5503;BELLAVISTA OCCIDENTAL;ENGATIVA;10;26;LAS FERIAS
406;690;601;5510;EL LAUREL;ENGATIVA;10;26;LAS FERIAS
407;698;699;5509;SAN JOAQUIN;ENGATIVA;10;26;LAS FERIAS
408;699;704;5508;LA CABANA;ENGATIVA;10;26;LAS FERIAS
409;710;810;5502;LA ESTRADA;ENGATIVA;10;26;LAS FERIAS
410;719;960;5405;LAS FERIAS OCCIDENTAL;ENGATIVA;10;26;LAS FERIAS
411;132;64;9212;SUBA URBANO;SUBA;11;27;SUBA
412;158;307;9213;EL PINO;SUBA;11;27;SUBA
413;160;338;9239;LAS MERCEDES SUBA;SUBA;11;27;SUBA
414;168;419;9219;CAMPANELLA;SUBA;11;27;SUBA
415;170;452;9214;TUNA ALTA;SUBA;11;27;SUBA
416;179;531;9242;TUNA BAJA;SUBA;11;27;SUBA
417;180;532;9233;TIBABUYES;SUBA;11;27;SUBA
418;183;550;9244;VILLA HERMOSA;SUBA;11;27;SUBA
419;190;590;9226;SALITRE SUBA;SUBA;11;27;SUBA
420;198;667;9210;LAS FLORES;SUBA;11;27;SUBA
421;205;740;9231;SUBA CERROS;SUBA;11;27;SUBA
422;209;780;9245;PINOS DE LOMBARDIA;SUBA;11;27;SUBA
423;212;835;9241;BOSQUES DE SAN JORGE;SUBA;11;27;SUBA
424;219;913;9217;RINCON DE SANTA INES;SUBA;11;27;SUBA
425;1126;42;4407;ALCALA;PUENTE ARANDA;16;41;MUZU
426;1134;246;4413;AUTOPISTA MUZU ORIENTAL;PUENTE ARANDA;16;41;MUZU
427;1136;257;4409;ALQUERIA;PUENTE ARANDA;16;41;MUZU
428;1146;458;4403;AUTOPISTA MUZU;PUENTE ARANDA;16;41;MUZU
429;1151;570;4406;OSPINA PEREZ;PUENTE ARANDA;16;41;MUZU
430;1154;587;4408;TEJAR;PUENTE ARANDA;16;41;MUZU
431;1155;588;4404;AUTOPISTA SUR;PUENTE ARANDA;16;41;MUZU
432;1165;1006;4405;OSPINA PEREZ SUR;PUENTE ARANDA;16;41;MUZU
433;125;46;9209;VILLA MARIA;SUBA;11;28;EL RINCON
434;130;61;9206;AURES II;SUBA;11;28;EL RINCON
435;133;65;9263;VILLA ALCAZAR;SUBA;11;28;EL RINCON
436;140;177;9240;POTRERILLO;SUBA;11;28;EL RINCON
437;145;222;9238;SANTA TERESA DE SUBA;SUBA;11;28;EL RINCON
438;148;234;9267;VILLA MARIA I;SUBA;11;28;EL RINCON
439;149;254;9227;LECH WALESA;SUBA;11;28;EL RINCON
440;151;284;9211;EL POA;SUBA;11;28;EL RINCON
441;153;286;9220;LAGO DE SUBA;SUBA;11;28;EL RINCON
442;159;337;9228;LOMBARDIA;SUBA;11;28;EL RINCON
443;172;487;9207;VILLA ELISA;SUBA;11;28;EL RINCON
444;178;526;9266;RINCON ALTAMAR;SUBA;11;28;EL RINCON
445;181;547;9202;EL RINCON;SUBA;11;28;EL RINCON
446;191;591;9237;RINCON DE SUBA;SUBA;11;28;EL RINCON
447;201;718;9201;LOS NARANJOS;SUBA;11;28;EL RINCON
448;202;726;9235;CIUDAD HUNZA;SUBA;11;28;EL RINCON
449;203;728;9230;SAN CAYETANO;SUBA;11;28;EL RINCON
450;207;747;9204;EL RINCON NORTE;SUBA;11;28;EL RINCON
451;222;992;9221;LA CHUCUA;SUBA;11;28;EL RINCON
452;226;1026;9208;COSTA AZUL;SUBA;11;28;EL RINCON
453;229;1045;9223;TTES DE COLOMBIA;SUBA;11;28;EL RINCON
454;230;1051;9203;PUERTA DEL SOL;SUBA;11;28;EL RINCON
455;238;1113;9205;AURES;SUBA;11;28;EL RINCON
456;31;385;2595;LAGUNITAS URBANO;CIUDAD BOLIVAR;19;64;MONTE BLANCO
457;32;386;2596;EL MOCHUELO ALTO;CIUDAD BOLIVAR;19;64;MONTE BLANCO
458;48;543;2588;EL MOCHUELO III URBANO;CIUDAD BOLIVAR;19;64;MONTE BLANCO
459;89;893;104130;BRAZUELOS OCCIDENTAL RURAL;CIUDAD BOLIVAR;19;64;MONTE BLANCO
460;106;998;2591;BRAZUELOS OCCIDENTAL;CIUDAD BOLIVAR;19;64;MONTE BLANCO
461;392;66;2625;ARRAYANES V;USME;5;60;PARQUE ENTRENUBES
462;410;249;2626;BOLONIA I;USME;5;60;PARQUE ENTRENUBES
463;414;270;2602;FISCALA ALTA;USME;5;60;PARQUE ENTRENUBES
464;421;335;2629;EL NEVADO II;USME;5;60;PARQUE ENTRENUBES
465;466;882;2601;ARRAYANES I;USME;5;60;PARQUE ENTRENUBES
466;1035;38;2405;ESCUELA GENERAL SANTANDER;TUNJUELITO;6;42;VENECIA
467;1036;59;2410;PARQUE EL TUNAL;TUNJUELITO;6;42;VENECIA
468;1037;60;2404;VENECIA;TUNJUELITO;6;42;VENECIA
469;1038;63;2403;VENECIA OCCIDENTAL;TUNJUELITO;6;42;VENECIA
470;1039;82;2411;ISLA DEL SOL;TUNJUELITO;6;42;VENECIA
471;1045;512;2408;FATIMA;TUNJUELITO;6;42;VENECIA
472;1046;516;2409;NUEVO MUZU;TUNJUELITO;6;42;VENECIA
473;1047;649;2407;EL CARMEN;TUNJUELITO;6;42;VENECIA
474;1048;712;2413;MUZU;TUNJUELITO;6;42;VENECIA
475;1049;721;2402;SAN VICENTE FERRER;TUNJUELITO;6;42;VENECIA
476;1050;722;2406;SAMORE;TUNJUELITO;6;42;VENECIA
477;1051;723;2401;TUNAL ORIENTAL;TUNJUELITO;6;42;VENECIA
478;1125;33;4305;LA PRADERA;PUENTE ARANDA;16;43;SAN RAFAEL
479;1130;113;4301;SAN RAFAEL INDUSTRIAL;PUENTE ARANDA;16;43;SAN RAFAEL
480;1131;163;4206;SAN FRANCISCO;PUENTE ARANDA;16;43;SAN RAFAEL
481;1140;333;4308;COLON;PUENTE ARANDA;16;43;SAN RAFAEL
482;1143;403;4307;SAN GABRIEL;PUENTE ARANDA;16;43;SAN RAFAEL
483;1152;582;4310;PROVIVIENDA NORTE;PUENTE ARANDA;16;43;SAN RAFAEL
484;1160;781;4306;LA TRINIDAD;PUENTE ARANDA;16;43;SAN RAFAEL
485;1161;794;4303;BARCELONA;PUENTE ARANDA;16;43;SAN RAFAEL
486;1163;800;4317;CAMELIA II;PUENTE ARANDA;16;43;SAN RAFAEL
487;1164;915;4304;GALAN;PUENTE ARANDA;16;43;SAN RAFAEL
488;1167;1050;4302;SAN RAFAEL;PUENTE ARANDA;16;43;SAN RAFAEL
489;291;11;4501;HIPOTECHO;KENNEDY;8;44;AMERICAS
490;310;208;4551;HIPOTECHO SUR;KENNEDY;8;44;AMERICAS
491;312;232;4502;HIPOTECHO OCCIDENTAL;KENNEDY;8;44;AMERICAS
492;318;269;4531;MANDALAY;KENNEDY;8;44;AMERICAS
493;351;568;4503;PROVIVIENDA ORIENTAL;KENNEDY;8;44;AMERICAS
494;360;711;4509;CIUDAD KENNEDY;KENNEDY;8;44;AMERICAS
495;144;211;9138;CASABLANCA SUBA URBANO I;SUBA;11;2;LA ACADEMIA
496;217;857;107110;CASABLANCA SUBA I;SUBA;11;2;LA ACADEMIA
497;234;1090;107102;CASABLANCA SUBA;SUBA;11;2;LA ACADEMIA
498;599;202;6405;FERROCAJA FONTIBON;FONTIBON;9;115;CAPELLANIA
499;607;391;6404;PUERTA DE TEJA;FONTIBON;9;115;CAPELLANIA
500;645;1140;6403;SAN JOSE DE FONTIBON;FONTIBON;9;115;CAPELLANIA
501;290;7;4512;TIMIZA;KENNEDY;8;45;CARVAJAL
502;295;40;4543;ALQUERIA LA FRAGUA;KENNEDY;8;45;CARVAJAL
503;301;118;4596;ALQUERIA LA FRAGUA II;KENNEDY;8;45;CARVAJAL
504;320;300;4505;PROVIVIENDA OCCIDENTAL;KENNEDY;8;45;CARVAJAL
505;324;332;4549;NUEVA YORK;KENNEDY;8;45;CARVAJAL
506;325;347;4542;ALQUERIA LA FRAGUA NORTE;KENNEDY;8;45;CARVAJAL
507;333;446;4544;LAS DELICIAS;KENNEDY;8;45;CARVAJAL
508;354;585;4504;PROVIVIENDA;KENNEDY;8;45;CARVAJAL
509;372;912;4506;LA CAMPINA;KENNEDY;8;45;CARVAJAL
510;380;1054;4572;CORREDOR FERREO DEL SUR;KENNEDY;8;45;CARVAJAL
511;288;5;6510;VILLA ALSACIA II;KENNEDY;8;46;CASTILLA
512;297;58;6506;CASTILLA;KENNEDY;8;46;CASTILLA
513;298;74;6511;LA PAMPA;KENNEDY;8;46;CASTILLA
514;300;109;6505;PIO XII;KENNEDY;8;46;CASTILLA
515;317;268;6503;VISION DE ORIENTE;KENNEDY;8;46;CASTILLA
516;319;275;6515;VALLADOLID;KENNEDY;8;46;CASTILLA
517;322;326;6504;BAVARIA;KENNEDY;8;46;CASTILLA
518;323;329;6529;EL VERGEL ORIENTAL;KENNEDY;8;46;CASTILLA
519;353;576;6531;CIUDAD TECHO II;KENNEDY;8;46;CASTILLA
520;361;732;6508;LAS DOS AVENIDAS;KENNEDY;8;46;CASTILLA
521;382;1084;6514;VERGEL OCCIDENTAL;KENNEDY;8;46;CASTILLA
522;383;1103;6507;NUEVO TECHO;KENNEDY;8;46;CASTILLA
523;299;101;4510;CIUDAD KENNEDY ORIENTAL;KENNEDY;8;47;KENNEDY CENTRAL
524;302;120;4537;CASABLANCA;KENNEDY;8;47;KENNEDY CENTRAL
525;321;323;4511;CIUDAD KENNEDY CENTRAL;KENNEDY;8;47;KENNEDY CENTRAL
526;330;377;4507;CIUDAD KENNEDY SUR;KENNEDY;8;47;KENNEDY CENTRAL
527;336;465;4525;PASTRANA;KENNEDY;8;47;KENNEDY CENTRAL
528;362;739;4508;CIUDAD KENNEDY OCCIDENTAL;KENNEDY;8;47;KENNEDY CENTRAL
529;367;832;4548;TECHO;KENNEDY;8;47;KENNEDY CENTRAL
530;378;1033;4514;CIUDAD KENNEDY NORTE;KENNEDY;8;47;KENNEDY CENTRAL
531;305;132;6518;OSORIO III;KENNEDY;8;79;CALANDAIMA
532;309;206;4627;GALAN;KENNEDY;8;79;CALANDAIMA
533;313;233;6516;TINTALA;KENNEDY;8;79;CALANDAIMA
534;341;473;4601;CALANDAIMA;KENNEDY;8;79;CALANDAIMA
535;375;946;205227;OSORIO IX;KENNEDY;8;79;CALANDAIMA
536;387;1147;205221;GALAN RURAL;KENNEDY;8;79;CALANDAIMA
537;594;8;6411;CHARCO URBANO;FONTIBON;9;76;FONTIBON SAN PABLO
538;601;263;6418;PUENTE GRANDE;FONTIBON;9;76;FONTIBON SAN PABLO
539;616;656;6413;SAN PABLO JERICO;FONTIBON;9;76;FONTIBON SAN PABLO
540;634;1052;6419;EL REFUGIO;FONTIBON;9;76;FONTIBON SAN PABLO
541;640;1114;6414;BRISAS ALDEA FONTIBON;FONTIBON;9;76;FONTIBON SAN PABLO
542;642;1125;105402;CHARCO RURAL;FONTIBON;9;76;FONTIBON SAN PABLO
543;646;1146;205402;EL CHARCO;FONTIBON;9;76;FONTIBON SAN PABLO
544;396;133;2631;EL NEVADO;USME;5;57;GRAN YOMASA
545;400;150;2528;SANTA LIBRADA NORTE;USME;5;57;GRAN YOMASA
546;406;225;2506;GRAN YOMASA;USME;5;57;GRAN YOMASA
547;407;230;2608;EL BOSQUE CENTRAL I;USME;5;57;GRAN YOMASA
548;408;237;2604;LOS OLIVARES;USME;5;57;GRAN YOMASA
549;417;296;2640;EL PEDREGAL II;USME;5;57;GRAN YOMASA
550;427;428;2527;LA CABANA;USME;5;57;GRAN YOMASA
551;430;451;2505;NUEVO SAN ANDRES;USME;5;57;GRAN YOMASA
552;432;467;2529;LA MARICHUELA;USME;5;57;GRAN YOMASA
553;434;498;2503;LA AURORA;USME;5;57;GRAN YOMASA
554;435;503;2555;SAN JUAN BAUTISTA;USME;5;57;GRAN YOMASA
555;440;635;2607;LA ESPERANZA SUR;USME;5;57;GRAN YOMASA
556;441;638;2621;SAN FELIPE DE USME;USME;5;57;GRAN YOMASA
557;442;644;2572;SALAZAR USME;USME;5;57;GRAN YOMASA
558;445;685;2605;BOLONIA;USME;5;57;GRAN YOMASA
559;446;697;2622;TOCAIMITA ORIENTAL I;USME;5;57;GRAN YOMASA
560;448;738;2609;EL BOSQUE;USME;5;57;GRAN YOMASA
561;449;742;2525;BARRANQUILLITA;USME;5;57;GRAN YOMASA
562;451;746;2524;LA ANDREA;USME;5;57;GRAN YOMASA
563;453;768;2563;EL PEDREGAL;USME;5;57;GRAN YOMASA
564;470;910;202404;SAN FELIPE DE USME RURAL;USME;5;57;GRAN YOMASA
565;483;1007;2526;SANTA LIBRADA;USME;5;57;GRAN YOMASA
566;494;1111;2606;EL CURUBO;USME;5;57;GRAN YOMASA
567;391;45;2627;LA REFORMA;USME;5;59;ALFONSO LOPEZ
568;394;83;2612;LA COMUNA;USME;5;59;ALFONSO LOPEZ
569;395;111;2613;EL PROGRESO USME;USME;5;59;ALFONSO LOPEZ
570;399;140;2630;EL PORTAL DEL DIVINO;USME;5;59;ALFONSO LOPEZ
571;409;238;2642;EL PORTAL URBANO;USME;5;59;ALFONSO LOPEZ
572;412;259;2610;CHAPINERITO;USME;5;59;ALFONSO LOPEZ
573;418;301;2620;EL NUEVO PORTAL II;USME;5;59;ALFONSO LOPEZ
574;425;372;2618;PUERTA AL LLANO DE USME;USME;5;59;ALFONSO LOPEZ
575;439;623;2617;EL REFUGIO I;USME;5;59;ALFONSO LOPEZ
576;447;724;2614;LA ORQUIDEA DE USME;USME;5;59;ALFONSO LOPEZ
577;450;744;2616;EL NUEVO PORTAL;USME;5;59;ALFONSO LOPEZ
578;463;868;202511;PUERTA AL LLANO RURAL;USME;5;59;ALFONSO LOPEZ
579;8;137;2598;EL MOCHUELO II URBANO;CIUDAD BOLIVAR;19;63;EL MOCHUELO
580;78;821;2522;EL MOCHUELO ORIENTAL;CIUDAD BOLIVAR;19;63;EL MOCHUELO
581;103;991;2562;CENTRAL DE MEZCLAS;CIUDAD BOLIVAR;19;63;EL MOCHUELO
582;1040;224;2508;TUNJUELITO;TUNJUELITO;6;62;TUNJUELITO
583;1041;283;2501;SAN CARLOS;TUNJUELITO;6;62;TUNJUELITO
584;1042;339;2509;SAN BENITO;TUNJUELITO;6;62;TUNJUELITO
585;1043;368;2512;AREA ARTILLERIA;TUNJUELITO;6;62;TUNJUELITO
586;1044;447;2507;ABRAHAM LINCOLN;TUNJUELITO;6;62;TUNJUELITO
587;9;141;2420;LA CORUNA;CIUDAD BOLIVAR;19;65;ARBORIZADORA
588;38;449;2435;EL CHIRCAL SUR;CIUDAD BOLIVAR;19;65;ARBORIZADORA
589;50;569;4563;GUADALUPE;CIUDAD BOLIVAR;19;65;ARBORIZADORA
590;63;682;2432;ARBORIZADORA BAJA;CIUDAD BOLIVAR;19;65;ARBORIZADORA
591;86;870;2422;ATLANTA;CIUDAD BOLIVAR;19;65;ARBORIZADORA
592;121;1156;2415;MADELENA;CIUDAD BOLIVAR;19;65;ARBORIZADORA
593;122;1164;2421;RAFAEL ESCAMILLA;CIUDAD BOLIVAR;19;65;ARBORIZADORA
594;194;614;9113;SAN JOSE DE BAVARIA;SUBA;11;17;SAN JOSE DE BAVARIA
595;216;848;9120;NUEVA ZELANDIA;SUBA;11;17;SAN JOSE DE BAVARIA
596;227;1031;9133;MIRANDELA;SUBA;11;17;SAN JOSE DE BAVARIA
597;236;1107;9129;VILLA DEL PRADO;SUBA;11;17;SAN JOSE DE BAVARIA
598;973;280;8401;LA CALLEJA;USAQUEN;1;15;COUNTRY CLUB
599;976;310;8402;COUNTRY CLUB;USAQUEN;1;15;COUNTRY CLUB
600;990;605;8403;LA CAROLINA;USAQUEN;1;15;COUNTRY CLUB
601;127;49;9103;CANTAGALLO;SUBA;11;18;BRITALIA
602;156;289;9114;GILMAR;SUBA;11;18;BRITALIA
603;163;369;9134;SAN JOSE V SECTOR;SUBA;11;18;BRITALIA
604;176;517;9135;PORTALES DEL NORTE;SUBA;11;18;BRITALIA
605;237;1108;9101;GRANADA NORTE;SUBA;11;18;BRITALIA
606;239;1126;9102;BRITALIA;SUBA;11;18;BRITALIA
607;660;266;5636;ENGATIVA ZONA URBANA;ENGATIVA;10;74;ENGATIVA
608;661;273;5667;CENTRO ENGATIVA II;ENGATIVA;10;74;ENGATIVA
609;662;290;5665;MARANDU;ENGATIVA;10;74;ENGATIVA
610;663;295;5660;SAN ANTONIO URBANO;ENGATIVA;10;74;ENGATIVA
611;674;417;5662;EL CEDRO;ENGATIVA;10;74;ENGATIVA
612;680;483;5652;EL MUELLE;ENGATIVA;10;74;ENGATIVA
613;681;488;5680;VILLA DEL MAR;ENGATIVA;10;74;ENGATIVA
614;692;632;5666;LA FAENA;ENGATIVA;10;74;ENGATIVA
615;694;643;5670;LA RIVIERA;ENGATIVA;10;74;ENGATIVA
616;700;716;5679;SAN ANTONIO ENGATIVA;ENGATIVA;10;74;ENGATIVA
617;709;801;5657;SABANA DEL DORADO;ENGATIVA;10;74;ENGATIVA
618;714;826;5637;VILLA GLADYS;ENGATIVA;10;74;ENGATIVA
619;716;875;106201;EL PANTANO;ENGATIVA;10;74;ENGATIVA
620;723;1024;5669;EL GACO;ENGATIVA;10;74;ENGATIVA
621;296;51;6534;EL TINTAL IV;KENNEDY;8;78;TINTAL NORTE
622;316;267;6533;EL TINTAL III;KENNEDY;8;78;TINTAL NORTE
623;357;631;6524;LA MAGDALENA;KENNEDY;8;78;TINTAL NORTE
624;369;871;105105;VEREDA EL TINTAL RURAL;KENNEDY;8;78;TINTAL NORTE
625;374;942;205109;LA MAGDALENA I;KENNEDY;8;78;TINTAL NORTE
626;377;1015;105203;OSORIO II;KENNEDY;8;78;TINTAL NORTE
627;384;1106;205101;VEREDA EL TINTAL URBANO;KENNEDY;8;78;TINTAL NORTE
628;401;160;2632;LA REQUILINA;USME;5;61;CIUDAD USME
629;415;271;2599;CENTRO USME URBANO;USME;5;61;CIUDAD USME
630;420;320;2634;EL TUNO;USME;5;61;CIUDAD USME
631;422;349;2636;LA HUERTA;USME;5;61;CIUDAD USME
632;424;370;2635;BRISAS DEL LLANO;USME;5;61;CIUDAD USME
633;460;862;102412;TOCAIMITA SUR;USME;5;61;CIUDAD USME
634;461;863;102122;LA REQUILINA RURAL;USME;5;61;CIUDAD USME
635;462;866;202410;TOCAIMITA ORIENTAL;USME;5;61;CIUDAD USME
636;468;894;102506;PORTAL RURAL II;USME;5;61;CIUDAD USME
637;471;918;102603;CENTRO USME RURAL II;USME;5;61;CIUDAD USME
638;473;921;2643;EL SALTEADOR;USME;5;61;CIUDAD USME
639;474;925;202309;EL BOSQUE SUR ORIENTAL RURAL III;USME;5;61;CIUDAD USME
640;475;932;102602;CENTRO USME RURAL I;USME;5;61;CIUDAD USME
641;476;939;202601;CENTRO USME;USME;5;61;CIUDAD USME
642;478;945;102401;LOS ARRAYANES;USME;5;61;CIUDAD USME
643;480;977;102601;CENTRO USME RURAL;USME;5;61;CIUDAD USME
644;486;1040;202502;EL UVAL;USME;5;61;CIUDAD USME
645;489;1071;202203;BOLONIA I;USME;5;61;CIUDAD USME
646;493;1105;202204;LA ESPERANZA SUR I;USME;5;61;CIUDAD USME
647;496;1118;102405;PEPINITOS;USME;5;61;CIUDAD USME
648;500;1123;102604;LA REQUILINA RURAL II;USME;5;61;CIUDAD USME
649;501;1132;102406;EL BOSQUE CENTRAL;USME;5;61;CIUDAD USME
650;505;1143;202506;EL NUEVO PORTAL II RURAL;USME;5;61;CIUDAD USME
651;596;99;5673;PUEBLO VIEJO;FONTIBON;9;117;AEROPUERTO EL DORADO
652;624;791;5672;LAS NAVETAS;FONTIBON;9;117;AEROPUERTO EL DORADO
653;643;1137;5624;AEROPUERTO EL DORADO;FONTIBON;9;117;AEROPUERTO EL DORADO
654;610;494;6522;EL TINTAL II;FONTIBON;9;77;ZONA FRANCA
655;611;506;6521;SABANA GRANDE;FONTIBON;9;77;ZONA FRANCA
656;619;693;6532;KASANDRA;FONTIBON;9;77;ZONA FRANCA
657;620;703;6520;ZONA FRANCA;FONTIBON;9;77;ZONA FRANCA
658;626;840;105401;EL CHANCO RURAL II;FONTIBON;9;77;ZONA FRANCA
659;629;888;105104;EL TINTAL;FONTIBON;9;77;ZONA FRANCA
660;630;907;105403;EL CHANCO RURAL III;FONTIBON;9;77;ZONA FRANCA
661;631;1000;6519;MORAVIA;FONTIBON;9;77;ZONA FRANCA
662;632;1016;105103;SAN PEDRO;FONTIBON;9;77;ZONA FRANCA
663;636;1069;6525;EL CHANCO I;FONTIBON;9;77;ZONA FRANCA
664;637;1072;205401;EL CHANCO II;FONTIBON;9;77;ZONA FRANCA
665;1065;205;4624;LA VEGA SAN BERNARDINO;BOSA;7;87;TINTAL SUR
666;1082;476;4577;SAN BERNARDINO XXII URBANO;BOSA;7;87;TINTAL SUR
667;1083;480;4590;SAN BERNARDINO XXV URBANO;BOSA;7;87;TINTAL SUR
668;1088;534;4638;CIUDADELA EL RECREO II;BOSA;7;87;TINTAL SUR
669;1105;933;105325;SAN BERNARDINO XXV;BOSA;7;87;TINTAL SUR
670;1109;975;105318;SAN BERNARDINO XVIII;BOSA;7;87;TINTAL SUR
671;1113;1013;205322;CAMPO VERDE;BOSA;7;87;TINTAL SUR
672;1114;1041;205319;SAN BERNARDINO XIX;BOSA;7;87;TINTAL SUR
673;1117;1075;205320;EL REMANSO;BOSA;7;87;TINTAL SUR
674;1121;1139;4573;CIUDADELA EL RECREO;BOSA;7;87;TINTAL SUR
675;1122;1148;205318;SAN BERNARDINO XVIII;BOSA;7;87;TINTAL SUR
676;1123;1162;205316;VILLA EMMA;BOSA;7;87;TINTAL SUR
677;1124;1165;4602;REMANSO URBANO;BOSA;7;87;TINTAL SUR
678;1012;909;108102;TIBABITA RURAL;USAQUEN;1;1;PASEO DE LOS LIBERTADORES
679;1015;948;8539;TORCA I;USAQUEN;1;1;PASEO DE LOS LIBERTADORES
680;1027;1073;208128;TORCA II;USAQUEN;1;1;PASEO DE LOS LIBERTADORES
681;1029;1097;8544;CANAIMA;USAQUEN;1;1;PASEO DE LOS LIBERTADORES
682;138;122;9115;IBERIA;SUBA;11;24;NIZA
683;142;203;9108;CIUDAD JARDIN NORTE;SUBA;11;24;NIZA
684;146;229;9218;ALMIRANTE COLON;SUBA;11;24;NIZA
685;152;285;9249;VEREDA SUBA NARANJOS;SUBA;11;24;NIZA
686;154;287;9122;LAS VILLAS;SUBA;11;24;NIZA
687;162;355;9109;NIZA SUR;SUBA;11;24;NIZA
688;165;389;9222;ALTOS DE CHOZICA;SUBA;11;24;NIZA
689;166;394;9123;NIZA NORTE;SUBA;11;24;NIZA
690;171;457;9112;NIZA SUBA;SUBA;11;24;NIZA
691;188;577;9116;PRADO VERANIEGO NORTE;SUBA;11;24;NIZA
692;648;54;5647;VILLAS DE GRANADA;ENGATIVA;10;73;GARCES NAVAS
693;649;78;5658;VILLA SAGRARIO;ENGATIVA;10;73;GARCES NAVAS
694;659;262;5655;GARCES NAVAS SUR;ENGATIVA;10;73;GARCES NAVAS
695;665;346;5627;GARCES NAVAS;ENGATIVA;10;73;GARCES NAVAS
696;668;360;5663;EL DORADO INDUSTRIAL;ENGATIVA;10;73;GARCES NAVAS
697;672;395;5643;ALAMOS;ENGATIVA;10;73;GARCES NAVAS
698;676;422;5654;GRAN GRANADA;ENGATIVA;10;73;GARCES NAVAS
699;685;521;5641;SANTA MONICA;ENGATIVA;10;73;GARCES NAVAS
700;686;522;5648;VILLA AMALIA;ENGATIVA;10;73;GARCES NAVAS
701;693;634;5635;EL MADRIGAL;ENGATIVA;10;73;GARCES NAVAS
702;702;727;5668;VILLAS DE ALCALA;ENGATIVA;10;73;GARCES NAVAS
703;704;737;5649;VILLAS DE GRANADA I;ENGATIVA;10;73;GARCES NAVAS
704;706;764;5623;LOS ANGELES;ENGATIVA;10;73;GARCES NAVAS
705;708;776;5675;BOLIVIA;ENGATIVA;10;73;GARCES NAVAS
706;717;903;106301;ENGATIVA EL DORADO;ENGATIVA;10;73;GARCES NAVAS
707;727;1102;5628;GARCES NAVAS ORIENTAL;ENGATIVA;10;73;GARCES NAVAS
708;728;1110;5629;EL CEDRO;ENGATIVA;10;73;GARCES NAVAS
709;792;20;2105;SANTANDER;ANTONIO NARIÑO;15;38;RESTREPO
710;793;213;2102;SAN ANTONIO;ANTONIO NARIÑO;15;38;RESTREPO
711;794;240;2302;SANTANDER SUR;ANTONIO NARIÑO;15;38;RESTREPO
712;795;241;2104;RESTREPO OCCIDENTAL;ANTONIO NARIÑO;15;38;RESTREPO
713;796;242;2107;LA FRAGUA;ANTONIO NARIÑO;15;38;RESTREPO
714;797;302;2101;LA FRAGUITA;ANTONIO NARIÑO;15;38;RESTREPO
715;798;311;2106;SENA;ANTONIO NARIÑO;15;38;RESTREPO
716;799;312;2103;RESTREPO;ANTONIO NARIÑO;15;38;RESTREPO
717;805;549;2301;EDUARDO FREY;ANTONIO NARIÑO;15;38;RESTREPO
718;807;755;2309;VILLA MAYOR ORIENTAL;ANTONIO NARIÑO;15;38;RESTREPO
719;390;12;2550;DUITAMA;USME;5;56;DANUBIO
720;397;134;2551;ALASKA;USME;5;56;DANUBIO
721;402;164;2577;DANUBIO II;USME;5;56;DANUBIO
722;411;253;2519;DANUBIO;USME;5;56;DANUBIO
723;419;318;2597;LA FISCALA NORTE;USME;5;56;DANUBIO
724;437;539;2590;LA FISCALA;USME;5;56;DANUBIO
725;477;944;2589;PORVENIR;USME;5;56;DANUBIO
726;11;153;2428;PRIMAVERA II;CIUDAD BOLIVAR;19;69;ISMAEL PERDOMO
727;12;180;2439;SIERRA MORENA;CIUDAD BOLIVAR;19;69;ISMAEL PERDOMO
728;13;182;2427;GALICIA;CIUDAD BOLIVAR;19;69;ISMAEL PERDOMO
729;14;183;2417;BARLOVENTO;CIUDAD BOLIVAR;19;69;ISMAEL PERDOMO
730;15;184;2424;RINCON DE GALICIA;CIUDAD BOLIVAR;19;69;ISMAEL PERDOMO
731;16;185;2448;PERDOMO ALTO;CIUDAD BOLIVAR;19;69;ISMAEL PERDOMO
732;17;186;2414;ISMAEL PERDOMO;CIUDAD BOLIVAR;19;69;ISMAEL PERDOMO
733;18;199;2438;SIERRA MORENA;CIUDAD BOLIVAR;19;69;ISMAEL PERDOMO
734;33;387;2446;LOS TRES REYES;CIUDAD BOLIVAR;19;69;ISMAEL PERDOMO
735;39;462;2450;PERDOMO ALTO;CIUDAD BOLIVAR;19;69;ISMAEL PERDOMO
736;40;463;2433;EL PENON DEL CORTIJO;CIUDAD BOLIVAR;19;69;ISMAEL PERDOMO
737;41;485;2442;SANTA VIVIANA;CIUDAD BOLIVAR;19;69;ISMAEL PERDOMO
738;42;500;2416;EL ENSUENO;CIUDAD BOLIVAR;19;69;ISMAEL PERDOMO
739;44;520;2455;LA VALVANERA;CIUDAD BOLIVAR;19;69;ISMAEL PERDOMO
740;59;669;2440;SIERRA MORENA;CIUDAD BOLIVAR;19;69;ISMAEL PERDOMO
741;61;677;2426;SANTO DOMINGO;CIUDAD BOLIVAR;19;69;ISMAEL PERDOMO
742;69;719;2445;CARACOLI;CIUDAD BOLIVAR;19;69;ISMAEL PERDOMO
743;70;749;2449;ESPINO I;CIUDAD BOLIVAR;19;69;ISMAEL PERDOMO
744;72;787;2444;SIERRA MORENA II;CIUDAD BOLIVAR;19;69;ISMAEL PERDOMO
745;74;798;2451;SAN ANTONIO DEL MIRADOR;CIUDAD BOLIVAR;19;69;ISMAEL PERDOMO
746;76;813;2443;LA PRIMAVERA I;CIUDAD BOLIVAR;19;69;ISMAEL PERDOMO
747;91;914;2418;LA ESTANCIA;CIUDAD BOLIVAR;19;69;ISMAEL PERDOMO
748;96;958;2419;RINCON DE LA VALVANERA;CIUDAD BOLIVAR;19;69;ISMAEL PERDOMO
749;101;986;2423;ESPINO;CIUDAD BOLIVAR;19;69;ISMAEL PERDOMO
750;104;995;2447;EL MIRADOR DE LA ESTANCIA;CIUDAD BOLIVAR;19;69;ISMAEL PERDOMO
751;107;1004;2429;MARIA CANO;CIUDAD BOLIVAR;19;69;ISMAEL PERDOMO
752;116;1099;2441;LOS TRES REYES I;CIUDAD BOLIVAR;19;69;ISMAEL PERDOMO
753;1;1;2575;CERRO COLORADO;CIUDAD BOLIVAR;19;70;JERUSALEM
754;3;69;2437;LA PRADERA;CIUDAD BOLIVAR;19;70;JERUSALEM
755;6;123;2520;LAS MANAS;CIUDAD BOLIVAR;19;70;JERUSALEM
756;23;252;2412;VERONA;CIUDAD BOLIVAR;19;70;JERUSALEM
757;29;350;2434;JERUSALEN;CIUDAD BOLIVAR;19;70;JERUSALEM
758;43;507;2436;BELLAVISTA;CIUDAD BOLIVAR;19;70;JERUSALEM
759;49;544;2568;ARBORIZADORA ALTA;CIUDAD BOLIVAR;19;70;JERUSALEM
760;52;580;2573;ARBORIZADORA ALTA;CIUDAD BOLIVAR;19;70;JERUSALEM
761;64;686;2460;ARBORIZADORA ALTA I;CIUDAD BOLIVAR;19;70;JERUSALEM
762;68;713;2453;CIUDAD BOLIVAR;CIUDAD BOLIVAR;19;70;JERUSALEM
763;75;805;2461;ARBORIZADORA ALTA  II;CIUDAD BOLIVAR;19;70;JERUSALEM
764;105;997;2579;VILLA CANDELARIA;CIUDAD BOLIVAR;19;70;JERUSALEM
765;108;1008;2430;LAS BRISAS;CIUDAD BOLIVAR;19;70;JERUSALEM
766;113;1055;2569;ARBORIZADORA ALTA;CIUDAD BOLIVAR;19;70;JERUSALEM
767;118;1129;2431;POTOSI;CIUDAD BOLIVAR;19;70;JERUSALEM
768;126;48;9224;NUEVA TIBABUYES;SUBA;11;71;TIBABUYES
769;128;52;9250;TIBABUYES OCCIDENTAL;SUBA;11;71;TIBABUYES
770;135;88;9259;BERLIN;SUBA;11;71;TIBABUYES
771;147;231;9216;LA GAITANA;SUBA;11;71;TIBABUYES
772;150;255;9261;TUNA;SUBA;11;71;TIBABUYES
773;155;288;9254;LISBOA;SUBA;11;71;TIBABUYES
774;157;305;9236;LA CAROLINA DE SUBA;SUBA;11;71;TIBABUYES
775;164;388;9225;TIBABUYES UNIVERSAL;SUBA;11;71;TIBABUYES
776;174;499;9255;SANTA RITA DE SUBA;SUBA;11;71;TIBABUYES
777;177;518;9253;SAN PEDRO;SUBA;11;71;TIBABUYES
778;182;548;9251;SAN CARLOS DE SUBA;SUBA;11;71;TIBABUYES
779;184;553;9229;TOSCANA;SUBA;11;71;TIBABUYES
780;185;555;9256;SANTA CECILIA;SUBA;11;71;TIBABUYES
781;186;566;9262;LA GAITANA ORIENTAL;SUBA;11;71;TIBABUYES
782;193;611;9248;TIBABUYES II;SUBA;11;71;TIBABUYES
783;195;642;9232;SABANA DE TIBABUYES;SUBA;11;71;TIBABUYES
784;210;814;9234;SABANA DE TIBABUYES NORTE;SUBA;11;71;TIBABUYES
785;211;828;9252;BILBAO;SUBA;11;71;TIBABUYES
786;223;1001;207801;SANTA CECILIA DE SUBA I;SUBA;11;71;TIBABUYES
787;225;1025;9257;TIBABUYES;SUBA;11;71;TIBABUYES
788;737;26;8315;CHICO NORTE III SECTOR;CHAPINERO;2;97;CHICO LAGO
789;738;96;8307;CHICO NORTE;CHAPINERO;2;97;CHICO LAGO
790;740;135;8313;LAGO GAITAN;CHAPINERO;2;97;CHICO LAGO
791;741;145;8301;CHICO NORTE II SECTOR;CHAPINERO;2;97;CHICO LAGO
792;744;272;8306;PORCIUNCULA;CHAPINERO;2;97;CHICO LAGO
793;750;551;8314;ANTIGUO COUNTRY;CHAPINERO;2;97;CHICO LAGO
794;753;622;8312;ESPARTILLAL;CHAPINERO;2;97;CHICO LAGO
795;755;647;8308;EL CHICO;CHAPINERO;2;97;CHICO LAGO
796;783;1059;8201;QUINTA CAMACHO;CHAPINERO;2;97;CHICO LAGO
797;559;100;7405;ONCE DE NOVIEMBRE;BARRIOS UNIDOS;12;98;LOS ALCAZARES
798;560;147;7306;BAQUERO;BARRIOS UNIDOS;12;98;LOS ALCAZARES
799;562;196;7310;LA PAZ;BARRIOS UNIDOS;12;98;LOS ALCAZARES
800;565;220;7304;CONCEPCION NORTE;BARRIOS UNIDOS;12;98;LOS ALCAZARES
801;567;334;7407;LA AURORA;BARRIOS UNIDOS;12;98;LOS ALCAZARES
802;568;344;7307;MUEQUETA;BARRIOS UNIDOS;12;98;LOS ALCAZARES
803;569;358;7406;SANTA SOFIA;BARRIOS UNIDOS;12;98;LOS ALCAZARES
804;573;426;7402;JUAN XXIII;BARRIOS UNIDOS;12;98;LOS ALCAZARES
805;577;626;7404;ALCAZARES NORTE;BARRIOS UNIDOS;12;98;LOS ALCAZARES
806;579;662;7311;SIETE DE AGOSTO;BARRIOS UNIDOS;12;98;LOS ALCAZARES
807;580;663;7303;COLOMBIA;BARRIOS UNIDOS;12;98;LOS ALCAZARES
808;581;678;7305;LA ESPERANZA;BARRIOS UNIDOS;12;98;LOS ALCAZARES
809;582;692;7308;QUINTA MUTIS;BARRIOS UNIDOS;12;98;LOS ALCAZARES
810;583;702;7401;POLO CLUB;BARRIOS UNIDOS;12;98;LOS ALCAZARES
811;586;725;7301;LA MERCED NORTE;BARRIOS UNIDOS;12;98;LOS ALCAZARES
812;588;770;7309;BENJAMIN HERRERA;BARRIOS UNIDOS;12;98;LOS ALCAZARES
813;589;779;7312;RAFAEL URIBE;BARRIOS UNIDOS;12;98;LOS ALCAZARES
814;592;886;7302;ALCAZARES;BARRIOS UNIDOS;12;98;LOS ALCAZARES
815;593;1035;7403;SAN FELIPE;BARRIOS UNIDOS;12;98;LOS ALCAZARES
816;742;149;8214;CHAPINERO NORTE;CHAPINERO;2;99;CHAPINERO
817;746;404;8111;CATALUNA;CHAPINERO;2;99;CHAPINERO
818;756;665;8212;MARLY;CHAPINERO;2;99;CHAPINERO
819;758;700;8213;CHAPINERO CENTRAL;CHAPINERO;2;99;CHAPINERO
820;761;783;8112;SUCRE;CHAPINERO;2;99;CHAPINERO
821;654;189;5664;EL DORADO;ENGATIVA;10;72;BOLIVIA
822;655;235;5644;BOCHICA II;ENGATIVA;10;72;BOLIVIA
823;664;306;5640;BOLIVIA ORIENTAL;ENGATIVA;10;72;BOLIVIA
824;673;416;5634;EL CORTIJO;ENGATIVA;10;72;BOLIVIA
825;687;528;9268;SANTA CECILIA DE SUBA I;ENGATIVA;10;72;BOLIVIA
826;701;717;5650;CIUDADELA COLSUBSIDIO;ENGATIVA;10;72;BOLIVIA
827;715;831;5622;BOLIVIA;ENGATIVA;10;72;BOLIVIA
828;507;2;6106;EL LISTON;LOS MARTIRES;14;102;LA SABANA
829;508;43;6107;PALOQUEMAO;LOS MARTIRES;14;102;LA SABANA
830;510;165;4103;VOTO NACIONAL;LOS MARTIRES;14;102;LA SABANA
831;511;175;4101;RICAURTE;LOS MARTIRES;14;102;LA SABANA
832;512;217;6103;SANTA FE;LOS MARTIRES;14;102;LA SABANA
833;516;400;6109;COLSEGUROS;LOS MARTIRES;14;102;LA SABANA
834;517;405;6101;FLORIDA;LOS MARTIRES;14;102;LA SABANA
835;518;415;6110;USATAMA;LOS MARTIRES;14;102;LA SABANA
836;519;425;4102;LA SABANA;LOS MARTIRES;14;102;LA SABANA
837;520;538;6105;SAN VICTORINO;LOS MARTIRES;14;102;LA SABANA
838;521;639;4104;LA ESTANZUELA;LOS MARTIRES;14;102;LA SABANA
839;523;763;4110;LA PEPITA;LOS MARTIRES;14;102;LA SABANA
840;524;806;6104;LA FAVORITA;LOS MARTIRES;14;102;LA SABANA
841;526;1058;6108;SAMPER MENDOZA;LOS MARTIRES;14;102;LA SABANA
842;304;125;4560;SAUCEDAL;KENNEDY;8;80;CORABASTOS
843;307;190;4562;LLANO GRANDE;KENNEDY;8;80;CORABASTOS
844;332;429;6517;MARIA PAZ;KENNEDY;8;80;CORABASTOS
845;343;495;4547;CORABASTOS;KENNEDY;8;80;CORABASTOS
846;349;562;4619;CHUCUA DE LA VACA III;KENNEDY;8;80;CORABASTOS
847;381;1060;4621;CHUCUA DE LA VACA I;KENNEDY;8;80;CORABASTOS
848;385;1127;4578;VILLA NELLY III SECTOR;KENNEDY;8;80;CORABASTOS
849;386;1128;4620;CHUCUA DE LA VACA II;KENNEDY;8;80;CORABASTOS
850;311;219;4576;CASA BLANCA SUR;KENNEDY;8;81;GRAN BRITALIA
851;335;464;4535;CLASS;KENNEDY;8;81;GRAN BRITALIA
852;355;612;4559;EL CARMELO;KENNEDY;8;81;GRAN BRITALIA
853;359;679;4568;JORGE URIBE BOTERO;KENNEDY;8;81;GRAN BRITALIA
854;379;1048;4557;GRAN BRITALIA;KENNEDY;8;81;GRAN BRITALIA
855;388;1166;4556;GRAN BRITALIA I;KENNEDY;8;81;GRAN BRITALIA
856;293;24;4541;EL PARAISO BOSA;KENNEDY;8;82;PATIO BONITO
857;294;32;4555;PATIO BONITO II;KENNEDY;8;82;PATIO BONITO
858;303;121;4564;TAIRONA;KENNEDY;8;82;PATIO BONITO
859;326;366;4558;CAMPO HERMOSO;KENNEDY;8;82;PATIO BONITO
860;334;453;4607;CIUDAD DE CALI;KENNEDY;8;82;PATIO BONITO
861;338;470;4609;LOS ALMENDROS;KENNEDY;8;82;PATIO BONITO
862;339;471;4612;DINDALITO;KENNEDY;8;82;PATIO BONITO
863;340;472;4626;LAS ACACIAS;KENNEDY;8;82;PATIO BONITO
864;342;474;4614;DINDALITO;KENNEDY;8;82;PATIO BONITO
865;344;513;4603;EL PARAISO;KENNEDY;8;82;PATIO BONITO
866;345;514;4613;PROVIVIENDA OCCIDENTAL;KENNEDY;8;82;PATIO BONITO
867;347;560;4617;TINTALITO;KENNEDY;8;82;PATIO BONITO
868;348;561;4611;EL JAZMIN;KENNEDY;8;82;PATIO BONITO
869;350;565;4618;DINTALITO;KENNEDY;8;82;PATIO BONITO
870;364;786;4554;PATIO BONITO;KENNEDY;8;82;PATIO BONITO
871;371;911;205209;EL JAZMIN;KENNEDY;8;82;PATIO BONITO
872;373;928;205225;LAS ACACIAS RURAL;KENNEDY;8;82;PATIO BONITO
873;376;987;4566;PATIO BONITO III;KENNEDY;8;82;PATIO BONITO
874;653;167;5621;FLORIDA BLANCA;ENGATIVA;10;30;BOYACA REAL
875;683;490;5620;FLORENCIA;ENGATIVA;10;30;BOYACA REAL
876;684;519;5610;LA GRANJA;ENGATIVA;10;30;BOYACA REAL
877;696;694;5603;BOYACA;ENGATIVA;10;30;BOYACA REAL
878;703;734;5609;TABORA;ENGATIVA;10;30;BOYACA REAL
879;707;766;5615;LA SOLEDAD NORTE;ENGATIVA;10;30;BOYACA REAL
880;720;973;5602;SANTA MARIA;ENGATIVA;10;30;BOYACA REAL
881;722;982;5625;LOS ALAMOS;ENGATIVA;10;30;BOYACA REAL
882;724;1032;5619;PARIS;ENGATIVA;10;30;BOYACA REAL
883;726;1085;5608;SANTA HELENITA;ENGATIVA;10;30;BOYACA REAL
884;1053;34;4579;ESCOCIA;BOSA;7;84;BOSA OCCIDENTAL
885;1057;119;4567;VILLAS DEL PROGRESO;BOSA;7;84;BOSA OCCIDENTAL
886;1058;130;4594;SAN ANTONIO;BOSA;7;84;BOSA OCCIDENTAL
887;1062;168;4625;EL REMANSO I;BOSA;7;84;BOSA OCCIDENTAL
888;1064;204;4628;BETANIA;BOSA;7;84;BOSA OCCIDENTAL
889;1068;261;4641;LA INDEPENDENCIA;BOSA;7;84;BOSA OCCIDENTAL
890;1072;315;4622;BRASIL;BOSA;7;84;BOSA OCCIDENTAL
891;1078;376;4519;ESCOCIA;BOSA;7;84;BOSA OCCIDENTAL
892;1079;378;4592;SAN MARTIN;BOSA;7;84;BOSA OCCIDENTAL
893;1084;482;4623;SAN BERNARDINO POTRERITOS;BOSA;7;84;BOSA OCCIDENTAL
894;1085;515;4604;BRASILIA;BOSA;7;84;BOSA OCCIDENTAL
895;1090;559;4605;CHICALA;BOSA;7;84;BOSA OCCIDENTAL
896;1092;564;4593;LA LIBERTAD;BOSA;7;84;BOSA OCCIDENTAL
897;1094;652;4520;LA PAZ BOSA;BOSA;7;84;BOSA OCCIDENTAL
898;1099;793;4580;BOSA NOVA EL PORVENIR;BOSA;7;84;BOSA OCCIDENTAL
899;1100;799;4595;CHICO SUR;BOSA;7;84;BOSA OCCIDENTAL
900;1103;819;4526;BOSA NOVA;BOSA;7;84;BOSA OCCIDENTAL
901;1106;947;4589;SAN PEDRO;BOSA;7;84;BOSA OCCIDENTAL
902;1107;956;4587;LOS SAUCES;BOSA;7;84;BOSA OCCIDENTAL
903;1108;966;4591;EL PORTAL DEL BRASIL;BOSA;7;84;BOSA OCCIDENTAL
904;1112;1005;4588;EL DANUBIO AZUL;BOSA;7;84;BOSA OCCIDENTAL
905;1052;0;4550;JOSE MARIA CARBONEL;BOSA;7;85;BOSA CENTRAL
906;1056;86;4569;JOSE ANTONIO GALAN;BOSA;7;85;BOSA CENTRAL
907;1060;138;4524;SAN PABLO BOSA;BOSA;7;85;BOSA CENTRAL
908;1063;173;4583;ARGELIA II;BOSA;7;85;BOSA CENTRAL
909;1066;218;4552;GUALOCHE;BOSA;7;85;BOSA CENTRAL
910;1067;256;4575;LOS LAURELES;BOSA;7;85;BOSA CENTRAL
911;1071;314;4553;ANDALUCIA II;BOSA;7;85;BOSA CENTRAL
912;1073;324;4539;GRAN COLOMBIANO;BOSA;7;85;BOSA CENTRAL
913;1074;328;4570;ANTONIA SANTOS;BOSA;7;85;BOSA CENTRAL
914;1076;364;4574;CHARLES DE GAULLE;BOSA;7;85;BOSA CENTRAL
915;1077;374;4521;LA ESTACION BOSA;BOSA;7;85;BOSA CENTRAL
916;1080;423;4528;PASO ANCHO;BOSA;7;85;BOSA CENTRAL
917;1081;443;4597;SAN BERNARDINO I;BOSA;7;85;BOSA CENTRAL
918;1086;527;4527;NUEVA GRANADA BOSA;BOSA;7;85;BOSA CENTRAL
919;1087;530;4513;SAN DIEGO-BOSA;BOSA;7;85;BOSA CENTRAL
920;1093;583;4533;EL RETAZO;BOSA;7;85;BOSA CENTRAL
921;1096;720;4523;JIMENEZ DE QUESADA;BOSA;7;85;BOSA CENTRAL
922;1097;748;4642;ISLANDIA;BOSA;7;85;BOSA CENTRAL
923;1098;771;4586;JIMENEZ DE QUESADA II SECTOR;BOSA;7;85;BOSA CENTRAL
924;1110;980;4598;VILLA ANNY I;BOSA;7;85;BOSA CENTRAL
925;1111;983;4599;VILLA ANNY II;BOSA;7;85;BOSA CENTRAL
926;1115;1046;4561;EL JARDIN;BOSA;7;85;BOSA CENTRAL
927;1116;1049;4522;BOSA;BOSA;7;85;BOSA CENTRAL
928;1054;71;4630;PARCELA EL PORVENIR;BOSA;7;86;EL PORVENIR
929;1055;79;4635;SAN BERNARDINO II;BOSA;7;86;EL PORVENIR
930;1059;131;4633;SANTA FE BOSA;BOSA;7;86;EL PORVENIR
931;1061;155;4634;CANAVERALEJO;BOSA;7;86;EL PORVENIR
932;1070;298;4631;EL CORZO;BOSA;7;86;EL PORVENIR
933;1091;563;4632;LA CABANA;BOSA;7;86;EL PORVENIR
934;1095;680;4616;OSORIO X URBANO;BOSA;7;86;EL PORVENIR
935;1101;804;4637;LAS MARGARITAS;BOSA;7;86;EL PORVENIR
936;1102;818;4643;EL CORZO I;BOSA;7;86;EL PORVENIR
937;1104;889;105223;OSORIO XXIII;BOSA;7;86;EL PORVENIR
938;1118;1080;105314;EL CORZO RURAL;BOSA;7;86;EL PORVENIR
939;1119;1094;205308;CANAVERALEJO RURAL;BOSA;7;86;EL PORVENIR
940;1120;1124;105210;OSORIO X;BOSA;7;86;EL PORVENIR
941;534;540;8105;LA MACARENA;SANTA FE;3;92;LA MACARENA
942;542;761;8104;LA PERSEVERANCIA;SANTA FE;3;92;LA MACARENA
943;550;994;8106;BOSQUE IZQUIERDO;SANTA FE;3;92;LA MACARENA
944;554;1074;201408;LA PERSEVERANCIA I;SANTA FE;3;92;LA MACARENA
945;970;161;8533;HORIZONTES NORTE;USAQUEN;1;9;VERBENAL
946;978;411;8522;EL ROCIO NORTE;USAQUEN;1;9;VERBENAL
947;994;629;8521;TIBABITA;USAQUEN;1;9;VERBENAL
948;995;689;8523;SAN ANTONIO NORTE;USAQUEN;1;9;VERBENAL
949;997;709;8547;LA ESTRELLITA III;USAQUEN;1;9;VERBENAL
950;1004;808;8535;BUENAVISTA;USAQUEN;1;9;VERBENAL
951;1005;811;8542;TIBABITA I;USAQUEN;1;9;VERBENAL
952;1006;812;8537;VERBENAL SAN ANTONIO;USAQUEN;1;9;VERBENAL
953;1018;965;8527;EL CEREZO;USAQUEN;1;9;VERBENAL
954;1022;970;8526;EL VERVENAL;USAQUEN;1;9;VERBENAL
955;1028;1096;8540;LA ESTRELLITA I;USAQUEN;1;9;VERBENAL
956;528;44;8108;SAMPER;SANTA FE;3;91;SAGRADO CORAZON
957;533;407;8102;PARQUE NACIONAL;SANTA FE;3;91;SAGRADO CORAZON
958;537;608;8101;SAGRADO CORAZON;SANTA FE;3;91;SAGRADO CORAZON
959;543;762;8109;SAN MARTIN;SANTA FE;3;91;SAGRADO CORAZON
960;549;988;8107;SAN DIEGO;SANTA FE;3;91;SAGRADO CORAZON
961;551;1056;8103;LA MERCED;SANTA FE;3;91;SAGRADO CORAZON
962;532;278;3108;LA CAPUCHINA;SANTA FE;3;93;LAS NIEVES
963;535;541;3107;SANTA INES;SANTA FE;3;93;LAS NIEVES
964;536;598;3109;VERACRUZ;SANTA FE;3;93;LAS NIEVES
965;538;653;3101;LA ALAMEDA;SANTA FE;3;93;LAS NIEVES
966;539;655;3102;LAS NIEVES;SANTA FE;3;93;LAS NIEVES
967;531;215;3201;SAN BERNARDINO;SANTA FE;3;95;LAS CRUCES
968;546;883;3202;LAS CRUCES;SANTA FE;3;95;LAS CRUCES
969;527;41;3209;EL DORADO;SANTA FE;3;96;LOURDES
970;529;146;3215;SAN FRANCISCO RURAL;SANTA FE;3;96;LOURDES
971;530;214;3211;GIRARDOT;SANTA FE;3;96;LOURDES
972;540;672;3212;LOURDES;SANTA FE;3;96;LOURDES
973;541;705;3210;RAMIREZ;SANTA FE;3;96;LOURDES
974;547;900;3208;EL ROCIO;SANTA FE;3;96;LOURDES
975;548;901;3205;EL GUAVIO;SANTA FE;3;96;LOURDES
976;552;1067;3206;LA PENA;SANTA FE;3;96;LOURDES
977;553;1068;3207;LOS LACHES;SANTA FE;3;96;LOURDES
978;4;108;2545;EL SATELITE;CIUDAD BOLIVAR;19;66;SAN FRANCISCO
979;5;114;2544;LOS LAURELES II;CIUDAD BOLIVAR;19;66;SAN FRANCISCO
980;26;322;2557;JUAN JOSE RONDON;CIUDAD BOLIVAR;19;66;SAN FRANCISCO
981;27;330;2518;RONDA;CIUDAD BOLIVAR;19;66;SAN FRANCISCO
982;37;445;2513;LAS ACACIAS;CIUDAD BOLIVAR;19;66;SAN FRANCISCO
983;45;529;2515;SAN FRANCISCO;CIUDAD BOLIVAR;19;66;SAN FRANCISCO
984;57;659;2531;CANDELARIA LA NUEVA;CIUDAD BOLIVAR;19;66;SAN FRANCISCO
985;67;706;2502;MILLAN;CIUDAD BOLIVAR;19;66;SAN FRANCISCO
986;10;144;2560;BELLAVISTA LUCERO ALTO;CIUDAD BOLIVAR;19;67;LUCERO
987;19;200;2565;PARAISO QUIBA;CIUDAD BOLIVAR;19;67;LUCERO
988;20;226;2504;COMPARTIR;CIUDAD BOLIVAR;19;67;LUCERO
989;21;228;2540;ESTRELLA DEL SUR;CIUDAD BOLIVAR;19;67;LUCERO
990;24;282;2561;CORDILLERA DEL SUR;CIUDAD BOLIVAR;19;67;LUCERO
991;25;308;2552;JUAN PABLO II;CIUDAD BOLIVAR;19;67;LUCERO
992;34;406;2559;LOS ALPES SUR;CIUDAD BOLIVAR;19;67;LUCERO
993;35;409;2554;GIBRALTAR SUR;CIUDAD BOLIVAR;19;67;LUCERO
994;36;439;2558;VILLAS EL DIAMANTE;CIUDAD BOLIVAR;19;67;LUCERO
995;47;537;2580;BELLA FLOR;CIUDAD BOLIVAR;19;67;LUCERO
996;53;600;2570;EL MIRADOR;CIUDAD BOLIVAR;19;67;LUCERO
997;54;645;2553;SUMAPAZ;CIUDAD BOLIVAR;19;67;LUCERO
998;55;646;2539;SAN RAFAEL;CIUDAD BOLIVAR;19;67;LUCERO
999;56;651;2546;NACIONES UNIDAS;CIUDAD BOLIVAR;19;67;LUCERO
1000;58;660;2516;MEXICO;CIUDAD BOLIVAR;19;67;LUCERO
1001;62;681;2582;BELLA FLOR SUR;CIUDAD BOLIVAR;19;67;LUCERO
1002;65;687;2523;LA ALAMEDA;CIUDAD BOLIVAR;19;67;LUCERO
1003;66;688;2517;LUCERO DEL SUR;CIUDAD BOLIVAR;19;67;LUCERO
1004;71;773;2549;VILLA GLORIA;CIUDAD BOLIVAR;19;67;LUCERO
1005;73;788;2532;QUINTAS DEL SUR;CIUDAD BOLIVAR;19;67;LUCERO
1006;77;820;2514;MEISSEN;CIUDAD BOLIVAR;19;67;LUCERO
1007;79;823;2521;LUCERO ALTO;CIUDAD BOLIVAR;19;67;LUCERO
1008;80;824;2587;BRISAS DEL VOLADOR;CIUDAD BOLIVAR;19;67;LUCERO
1009;83;849;2581;LA TORRE;CIUDAD BOLIVAR;19;67;LUCERO
1010;2;13;2533;SOTAVENTO;CIUDAD BOLIVAR;19;68;EL TESORO
1011;7;124;2456;QUIBA I;CIUDAD BOLIVAR;19;68;EL TESORO
1012;22;236;2585;EL MOCHUELO URBANO;CIUDAD BOLIVAR;19;68;EL TESORO
1013;28;343;2534;CASA DE TEJA;CIUDAD BOLIVAR;19;68;EL TESORO
1014;30;356;2547;EL TESORO;CIUDAD BOLIVAR;19;68;EL TESORO
1015;46;536;2564;EL MINUTO DE MARIA;CIUDAD BOLIVAR;19;68;EL TESORO
1016;51;573;2574;CEDRITOS DEL SUR;CIUDAD BOLIVAR;19;68;EL TESORO
1017;60;673;2530;QUIBA;CIUDAD BOLIVAR;19;68;EL TESORO
1018;97;959;2584;EL MOCHUELO;CIUDAD BOLIVAR;19;68;EL TESORO
1019;99;971;2583;QUIBA URBANO;CIUDAD BOLIVAR;19;68;EL TESORO
1020;117;1100;2578;ARABIA;CIUDAD BOLIVAR;19;68;EL TESORO
1021;647;50;5616;LOS CEREZOS;ENGATIVA;10;29;MINUTO DE DIOS
1022;650;87;5601;EL MINUTO DE DIOS;ENGATIVA;10;29;MINUTO DE DIOS
1023;652;159;5630;CIUDAD BACHUE;ENGATIVA;10;29;MINUTO DE DIOS
1024;657;251;5632;BOCHICA;ENGATIVA;10;29;MINUTO DE DIOS
1025;658;258;5631;CIUDAD BACHUE I ETAPA;ENGATIVA;10;29;MINUTO DE DIOS
1026;670;390;5639;QUIRIGUA ORIENTAL;ENGATIVA;10;29;MINUTO DE DIOS
1027;671;392;5612;PARIS GAITAN;ENGATIVA;10;29;MINUTO DE DIOS
1028;675;421;5661;LUIS CARLOS GALAN;ENGATIVA;10;29;MINUTO DE DIOS
1029;678;441;5683;QUIRIGUA I;ENGATIVA;10;29;MINUTO DE DIOS
1030;682;489;5682;CIUDAD BACHUE II;ENGATIVA;10;29;MINUTO DE DIOS
1031;695;671;5684;QUIRIGUA II;ENGATIVA;10;29;MINUTO DE DIOS
1032;711;815;5613;LA SERENA;ENGATIVA;10;29;MINUTO DE DIOS
1033;718;957;5611;AUTOPISTA MEDELLIN;ENGATIVA;10;29;MINUTO DE DIOS
1034;725;1044;5617;PRIMAVERA;ENGATIVA;10;29;MINUTO DE DIOS
1035;739;115;8211;JUAN XXIII;CHAPINERO;2;90;PARDO RUBIO
1036;743;187;8220;SIBERIA CENTRAL;CHAPINERO;2;90;PARDO RUBIO
1037;749;486;8204;GRANADA;CHAPINERO;2;90;PARDO RUBIO
1038;751;557;8221;SIBERIA URBANO;CHAPINERO;2;90;PARDO RUBIO
1039;759;752;8110;EL PARAISO;CHAPINERO;2;90;PARDO RUBIO
1040;760;775;8208;PARDO RUBIO;CHAPINERO;2;90;PARDO RUBIO
1041;762;803;8215;INGEMAR;CHAPINERO;2;90;PARDO RUBIO
1042;770;930;8203;LAS ACACIAS;CHAPINERO;2;90;PARDO RUBIO
1043;775;954;201109;INGEMAR I;CHAPINERO;2;90;PARDO RUBIO
1044;784;1070;201508;PARDO RUBIO  I;CHAPINERO;2;90;PARDO RUBIO
1045;787;1152;201110;INGEMAR ORIENTAL I;CHAPINERO;2;90;PARDO RUBIO
1046;789;1157;8205;MARIA CRISTINA;CHAPINERO;2;90;PARDO RUBIO
1047;790;1159;8207;BOSQUE CALDERON;CHAPINERO;2;90;PARDO RUBIO
1048;791;1161;8206;LA SALLE;CHAPINERO;2;90;PARDO RUBIO
1049;81;839;104127;EL MOCHUELO IV;CIUDAD BOLIVAR;19;;
1050;82;846;104128;EL MOCHUELO III;CIUDAD BOLIVAR;19;;
1051;84;852;104119;CIUDAD BOLIVAR RURAL I;CIUDAD BOLIVAR;19;;
1052;85;864;104131;MOCHUELO ALTO RURAL;CIUDAD BOLIVAR;19;;
1053;87;874;104104;PASQUILLA;CIUDAD BOLIVAR;19;;
1054;88;878;104114;QUIBA ALTO;CIUDAD BOLIVAR;19;;
1055;90;902;104112;SANTA ROSA;CIUDAD BOLIVAR;19;;
1056;92;917;104107;BELLA FLOR SUR RURAL;CIUDAD BOLIVAR;19;;
1057;93;927;204304;LAGUNITAS;CIUDAD BOLIVAR;19;;
1058;94;937;104110;QUIBA BAJO;CIUDAD BOLIVAR;19;;
1059;95;938;204131;MOCHUELO ALTO URBANO;CIUDAD BOLIVAR;19;;
1060;98;964;204129;EL MOCHUELO II NORTE;CIUDAD BOLIVAR;19;;
1061;100;979;104118;CIUDAD BOLIVAR RURAL III;CIUDAD BOLIVAR;19;;
1062;102;990;204127;ARABIA I;CIUDAD BOLIVAR;19;;
1063;109;1019;104129;EL MOCHUELO II;CIUDAD BOLIVAR;19;;
1064;110;1039;204104;PASQUILLA URBANA;CIUDAD BOLIVAR;19;;
1065;111;1042;204106;NUEVA ESPERANZA;CIUDAD BOLIVAR;19;;
1066;112;1043;204107;EL MIRADOR II;CIUDAD BOLIVAR;19;;
1067;114;1089;104113;SANTA BARBARA;CIUDAD BOLIVAR;19;;
1068;115;1092;104108;LAS MERCEDES;CIUDAD BOLIVAR;19;;
1069;119;1136;104102;PASQUILLITA;CIUDAD BOLIVAR;19;;
1070;120;1150;204128;QUIBA RURAL;CIUDAD BOLIVAR;19;;
1071;131;62;9140;NUESTRA SENORA DEL ROSARIO;SUBA;11;;
1072;137;112;9141;LA CANDELARIA;SUBA;11;;
1073;141;181;9142;CONEJERA;SUBA;11;;
1074;167;412;9243;LAS MERCEDES I;SUBA;11;;
1075;196;650;9139;CASABLANCA SUBA URBANO II;SUBA;11;;
1076;214;838;107111;CASABLANCA SUBA II;SUBA;11;;
1077;215;847;9136;CASABLANCA SUBA URBANO;SUBA;11;;
1078;218;908;107109;BARAJAS NORTE;SUBA;11;;
1079;220;935;107106;TUNA RURAL;SUBA;11;;
1080;228;1036;107107;LAS MERCEDES SUBA RURAL;SUBA;11;;
1081;231;1062;107112;LA LOMITA;SUBA;11;;
1082;232;1063;107101;GUAYMARAL;SUBA;11;;
1083;456;854;102808;LA REGADERA;USME;5;;
1084;457;855;102113;LAS MARGARITAS;USME;5;;
1085;458;856;102112;EL HATO;USME;5;;
1086;459;859;102707;OLARTE;USME;5;;
1087;464;876;102910;ARRAYAN;USME;5;;
1088;465;877;102114;LOS ANDES;USME;5;;
1089;467;890;102312;CIUDAD LONDRES RURAL;USME;5;;
1090;469;906;102911;CURUBITAL;USME;5;;
1091;472;919;102115;LA UNION;USME;5;;
1092;479;951;102310;EL BOSQUE SUR ORIENTAL RURAL I;USME;5;;
1093;484;1010;102111;LOS ARRAYANES;USME;5;;
1094;485;1020;102502;EL UVAL RURAL;USME;5;;
1095;490;1088;102309;EL BOSQUE SUR ORIENTAL RURAL II;USME;5;;
1096;491;1091;102118;LAS VIOLETAS RURAL;USME;5;;
1097;497;1120;102909;SAN BENITO;USME;5;;
1098;498;1121;102116;CHISACA;USME;5;;
1099;499;1122;101307;TIHUAQUE RURAL;USME;5;;
1100;502;1133;101308;CHIGUAZA RURAL;USME;5;;
1101;503;1135;102110;EL PORVENIR DE LOS SOCHES;USME;5;;
1102;504;1141;201309;TIBAQUE II;USME;5;;
1103;544;837;101405;PARQUE NACIONAL ORIENTAL;SANTA FE;3;;
1104;545;851;101201;HOYA TEUSACA;SANTA FE;3;;
1105;555;1144;201404;LA PEÑA RURAL;SANTA FE;3;;
1106;763;841;101103;INGEMAR ORIENTAL RURAL;CHAPINERO;2;;
1107;764;842;108109;PARAMO I;CHAPINERO;2;;
1108;765;843;101101;EL BAGAZAL;CHAPINERO;2;;
1109;766;860;101502;SIBERIA;CHAPINERO;2;;
1110;767;861;201105;EL REFUGIO I;CHAPINERO;2;;
1111;769;924;201108;EL REFUGIO II;CHAPINERO;2;;
1112;771;940;208101;PARAMO IV;CHAPINERO;2;;
1113;774;953;208104;PARAMO URBANO;CHAPINERO;2;;
1114;778;1003;208107;LA ESPERANZA;CHAPINERO;2;;
1115;782;1038;208108;SAN ISIDRO RURAL;CHAPINERO;2;;
1116;785;1142;201502;SIBERIA RURAL;CHAPINERO;2;;
1117;786;1145;201503;SIBERIA  II;CHAPINERO;2;;
1118;841;845;103101;SANTA ROSA ALTA;SUMAPAZ;20;;
1119;842;850;103102;TAQUECITOS;SUMAPAZ;20;;
1120;843;873;103106;NAZARETH;SUMAPAZ;20;;
1121;844;891;103201;BETANIA;SUMAPAZ;20;;
1122;845;892;103109;LAS SOPAS;SUMAPAZ;20;;
1123;846;895;103202;EL ISTMO;SUMAPAZ;20;;
1124;847;896;103204;LAGUNA VERDE;SUMAPAZ;20;;
1125;848;897;103103;SANTA ROSA BAJA;SUMAPAZ;20;;
1126;849;905;109106;LA UNION;SUMAPAZ;20;;
1127;850;920;109105;SANTO DOMINGO;SUMAPAZ;20;;
1128;851;931;109109;TUNAL ALTO;SUMAPAZ;20;;
1129;852;934;103104;LAS ANIMAS;SUMAPAZ;20;;
1130;853;936;109112;CAPITOLIO;SUMAPAZ;20;;
1131;854;974;103107;LAS PALMAS;SUMAPAZ;20;;
1132;855;978;103105;LAS AURAS;SUMAPAZ;20;;
1133;856;1011;109104;SAN JUAN;SUMAPAZ;20;;
1134;857;1017;103203;EL TABACO;SUMAPAZ;20;;
1135;858;1022;103108;LOS RIOS;SUMAPAZ;20;;
1136;859;1037;209104;SAN JUAN URBANO;SUMAPAZ;20;;
1137;860;1065;109113;LAGUNITAS;SUMAPAZ;20;;
1138;861;1076;109107;CHORRERAS;SUMAPAZ;20;;
1139;862;1077;109103;LAS VEGAS;SUMAPAZ;20;;
1140;863;1078;109101;EL TOLDO;SUMAPAZ;20;;
1141;864;1079;109102;SAN ANTONIO;SUMAPAZ;20;;
1142;865;1081;109111;SAN JOSE;SUMAPAZ;20;;
1143;866;1082;109116;NUEVA GRANADA;SUMAPAZ;20;;
1144;867;1083;109110;CONCEPCION;SUMAPAZ;20;;
1145;868;1117;103205;RAIZAL;SUMAPAZ;20;;
1146;869;1119;109114;TUNAL BAJO;SUMAPAZ;20;;
1147;870;1131;103206;PENALISA;SUMAPAZ;20;;
1148;871;1151;209106;LA UNION URBANO;SUMAPAZ;20;;
1149;872;1155;203106;NAZARETH URBANO;SUMAPAZ;20;;
1150;922;556;1118;LOS LAURELES SUR ORIENTAL I;SAN CRISTOBAL;4;;
1151;937;858;101301;HOYA SAN CRISTOBAL;SAN CRISTOBAL;4;;
1152;939;872;101306;TIBAQUE;SAN CRISTOBAL;4;;
1153;943;926;201306;TIBAQUE I;SAN CRISTOBAL;4;;
1154;947;976;101309;LA ARBOLEDA RURAL;SAN CRISTOBAL;4;;
1155;948;985;1119;AGUAS CLARAS I;SAN CRISTOBAL;4;;
1156;949;1012;201302;EL TRIANGULO;SAN CRISTOBAL;4;;
1157;950;1021;101302;MOLINO RURAL;SAN CRISTOBAL;4;;
1158;954;1153;201304;AGUAS CLARAS;SAN CRISTOBAL;4;;
1159;1008;844;108104;PARAMO;USAQUEN;1;;
1160;1009;853;108114;PARAMO III RURAL;USAQUEN;1;;
1161;1010;867;208103;BARRANCAS ORIENTAL;USAQUEN;1;;
1162;1011;904;108113;BOSQUE DE PINOS III RURAL;USAQUEN;1;;
1163;1013;923;108112;PARAMO II RURAL;USAQUEN;1;;
1164;1014;929;108110;TORCA RURAL II;USAQUEN;1;;
1165;1017;950;108101;TORCA RURAL I;USAQUEN;1;;
1166;1019;967;8545;MIRADOR DEL NORTE;USAQUEN;1;;
1167;1031;1130;108111;TIBABITA RURAL I;USAQUEN;1;;
1168;1033;1149;208203;LA ESTRELLITA;USAQUEN;1;;
1169;1169;1018;108108;PARAMO II;;;;
